Gen_num,Gen_name,Bus,Tech,2025,2026,2027,2028,2029,2030,2031,2032,2033,2034,2035,2036,2037,2038,2039,2040,2041,2042,2043,2044,2045,2046,2047,2048,2049,2050
1,101_Oil_CT_1,101,Oil_CT,10.3494,10.3494,10.3494,10.3494,10.3494,10.3494,10.3494,10.3494,10.3494,10.3494,10.3494,10.3494,10.3494,10.3494,10.3494,10.3494,10.3494,10.3494,10.3494,10.3494,10.3494,10.3494,10.3494,10.3494,10.3494,10.3494
2,101_Oil_CT_2,101,Oil_CT,10.3494,10.3494,10.3494,10.3494,10.3494,10.3494,10.3494,10.3494,10.3494,10.3494,10.3494,10.3494,10.3494,10.3494,10.3494,10.3494,10.3494,10.3494,10.3494,10.3494,10.3494,10.3494,10.3494,10.3494,10.3494,10.3494
3,101_Coal_1,101,Coal,2.11399,2.11399,2.11399,2.11399,2.11399,2.11399,2.11399,2.11399,2.11399,2.11399,2.11399,2.11399,2.11399,2.11399,2.11399,2.11399,2.11399,2.11399,2.11399,2.11399,2.11399,2.11399,2.11399,2.11399,2.11399,2.11399
4,101_Coal_2,101,Coal,2.11399,2.11399,2.11399,2.11399,2.11399,2.11399,2.11399,2.11399,2.11399,2.11399,2.11399,2.11399,2.11399,2.11399,2.11399,2.11399,2.11399,2.11399,2.11399,2.11399,2.11399,2.11399,2.11399,2.11399,2.11399,2.11399
9,102_Oil_CT_1,102,Oil_CT,10.3494,10.3494,10.3494,10.3494,10.3494,10.3494,10.3494,10.3494,10.3494,10.3494,10.3494,10.3494,10.3494,10.3494,10.3494,10.3494,10.3494,10.3494,10.3494,10.3494,10.3494,10.3494,10.3494,10.3494,10.3494,10.3494
10,102_Oil_CT_2,102,Oil_CT,10.3494,10.3494,10.3494,10.3494,10.3494,10.3494,10.3494,10.3494,10.3494,10.3494,10.3494,10.3494,10.3494,10.3494,10.3494,10.3494,10.3494,10.3494,10.3494,10.3494,10.3494,10.3494,10.3494,10.3494,10.3494,10.3494
11,102_Coal_1,102,Coal,2.11399,2.11399,2.11399,2.11399,2.11399,2.11399,2.11399,2.11399,2.11399,2.11399,2.11399,2.11399,2.11399,2.11399,2.11399,2.11399,2.11399,2.11399,2.11399,2.11399,2.11399,2.11399,2.11399,2.11399,2.11399,2.11399
12,102_Coal_2,102,Coal,2.11399,2.11399,2.11399,2.11399,2.11399,2.11399,2.11399,2.11399,2.11399,2.11399,2.11399,2.11399,2.11399,2.11399,2.11399,2.11399,2.11399,2.11399,2.11399,2.11399,2.11399,2.11399,2.11399,2.11399,2.11399,2.11399
17,107_Gas_CC_1,107,Gas_CC,3.88722,3.88722,3.88722,3.88722,3.88722,3.88722,3.88722,3.88722,3.88722,3.88722,3.88722,3.88722,3.88722,3.88722,3.88722,3.88722,3.88722,3.88722,3.88722,3.88722,3.88722,3.88722,3.88722,3.88722,3.88722,3.88722
18,113_Gas_CT_1,113,Gas_CT,3.88722,3.88722,3.88722,3.88722,3.88722,3.88722,3.88722,3.88722,3.88722,3.88722,3.88722,3.88722,3.88722,3.88722,3.88722,3.88722,3.88722,3.88722,3.88722,3.88722,3.88722,3.88722,3.88722,3.88722,3.88722,3.88722
19,113_Gas_CT_2,113,Gas_CT,3.88722,3.88722,3.88722,3.88722,3.88722,3.88722,3.88722,3.88722,3.88722,3.88722,3.88722,3.88722,3.88722,3.88722,3.88722,3.88722,3.88722,3.88722,3.88722,3.88722,3.88722,3.88722,3.88722,3.88722,3.88722,3.88722
20,113_Gas_CT_3,113,Gas_CT,3.88722,3.88722,3.88722,3.88722,3.88722,3.88722,3.88722,3.88722,3.88722,3.88722,3.88722,3.88722,3.88722,3.88722,3.88722,3.88722,3.88722,3.88722,3.88722,3.88722,3.88722,3.88722,3.88722,3.88722,3.88722,3.88722
21,113_Gas_CT_4,113,Gas_CT,3.88722,3.88722,3.88722,3.88722,3.88722,3.88722,3.88722,3.88722,3.88722,3.88722,3.88722,3.88722,3.88722,3.88722,3.88722,3.88722,3.88722,3.88722,3.88722,3.88722,3.88722,3.88722,3.88722,3.88722,3.88722,3.88722
23,115_Oil_ST_1,115,Oil_ST,10.3494,10.3494,10.3494,10.3494,10.3494,10.3494,10.3494,10.3494,10.3494,10.3494,10.3494,10.3494,10.3494,10.3494,10.3494,10.3494,10.3494,10.3494,10.3494,10.3494,10.3494,10.3494,10.3494,10.3494,10.3494,10.3494
24,115_Oil_ST_2,115,Oil_ST,10.3494,10.3494,10.3494,10.3494,10.3494,10.3494,10.3494,10.3494,10.3494,10.3494,10.3494,10.3494,10.3494,10.3494,10.3494,10.3494,10.3494,10.3494,10.3494,10.3494,10.3494,10.3494,10.3494,10.3494,10.3494,10.3494
25,115_Coal_1,115,Coal,2.11399,2.11399,2.11399,2.11399,2.11399,2.11399,2.11399,2.11399,2.11399,2.11399,2.11399,2.11399,2.11399,2.11399,2.11399,2.11399,2.11399,2.11399,2.11399,2.11399,2.11399,2.11399,2.11399,2.11399,2.11399,2.11399
26,116_Coal_1,116,Coal,2.11399,2.11399,2.11399,2.11399,2.11399,2.11399,2.11399,2.11399,2.11399,2.11399,2.11399,2.11399,2.11399,2.11399,2.11399,2.11399,2.11399,2.11399,2.11399,2.11399,2.11399,2.11399,2.11399,2.11399,2.11399,2.11399
27,118_Gas_CC_1,118,Gas_CC,3.88722,3.88722,3.88722,3.88722,3.88722,3.88722,3.88722,3.88722,3.88722,3.88722,3.88722,3.88722,3.88722,3.88722,3.88722,3.88722,3.88722,3.88722,3.88722,3.88722,3.88722,3.88722,3.88722,3.88722,3.88722,3.88722
29,121_Nuclear_1,121,Nuclear,0.81035,0.81035,0.81035,0.81035,0.81035,0.81035,0.81035,0.81035,0.81035,0.81035,0.81035,0.81035,0.81035,0.81035,0.81035,0.81035,0.81035,0.81035,0.81035,0.81035,0.81035,0.81035,0.81035,0.81035,0.81035,0.81035
30,122_Hydro_1,122,Hydro,0,0,0,0,0,0,0,0,0,0,0,0,0,0,0,0,0,0,0,0,0,0,0,0,0,0
31,122_Hydro_2,122,Hydro,0,0,0,0,0,0,0,0,0,0,0,0,0,0,0,0,0,0,0,0,0,0,0,0,0,0
32,122_Hydro_3,122,Hydro,0,0,0,0,0,0,0,0,0,0,0,0,0,0,0,0,0,0,0,0,0,0,0,0,0,0
33,122_Hydro_4,122,Hydro,0,0,0,0,0,0,0,0,0,0,0,0,0,0,0,0,0,0,0,0,0,0,0,0,0,0
34,122_Hydro_5,122,Hydro,0,0,0,0,0,0,0,0,0,0,0,0,0,0,0,0,0,0,0,0,0,0,0,0,0,0
35,122_Hydro_6,122,Hydro,0,0,0,0,0,0,0,0,0,0,0,0,0,0,0,0,0,0,0,0,0,0,0,0,0,0
37,123_Coal_1,123,Coal,2.11399,2.11399,2.11399,2.11399,2.11399,2.11399,2.11399,2.11399,2.11399,2.11399,2.11399,2.11399,2.11399,2.11399,2.11399,2.11399,2.11399,2.11399,2.11399,2.11399,2.11399,2.11399,2.11399,2.11399,2.11399,2.11399
38,123_Coal_2,123,Coal,2.11399,2.11399,2.11399,2.11399,2.11399,2.11399,2.11399,2.11399,2.11399,2.11399,2.11399,2.11399,2.11399,2.11399,2.11399,2.11399,2.11399,2.11399,2.11399,2.11399,2.11399,2.11399,2.11399,2.11399,2.11399,2.11399
39,123_Gas_CT_1,123,Gas_CT,3.88722,3.88722,3.88722,3.88722,3.88722,3.88722,3.88722,3.88722,3.88722,3.88722,3.88722,3.88722,3.88722,3.88722,3.88722,3.88722,3.88722,3.88722,3.88722,3.88722,3.88722,3.88722,3.88722,3.88722,3.88722,3.88722
40,123_Gas_CT_2,123,Gas_CT,3.88722,3.88722,3.88722,3.88722,3.88722,3.88722,3.88722,3.88722,3.88722,3.88722,3.88722,3.88722,3.88722,3.88722,3.88722,3.88722,3.88722,3.88722,3.88722,3.88722,3.88722,3.88722,3.88722,3.88722,3.88722,3.88722
41,123_Gas_CT_3,123,Gas_CT,3.88722,3.88722,3.88722,3.88722,3.88722,3.88722,3.88722,3.88722,3.88722,3.88722,3.88722,3.88722,3.88722,3.88722,3.88722,3.88722,3.88722,3.88722,3.88722,3.88722,3.88722,3.88722,3.88722,3.88722,3.88722,3.88722
42,201_Oil_CT_1,201,Oil_CT,10.3494,10.3494,10.3494,10.3494,10.3494,10.3494,10.3494,10.3494,10.3494,10.3494,10.3494,10.3494,10.3494,10.3494,10.3494,10.3494,10.3494,10.3494,10.3494,10.3494,10.3494,10.3494,10.3494,10.3494,10.3494,10.3494
43,201_Oil_CT_2,201,Oil_CT,10.3494,10.3494,10.3494,10.3494,10.3494,10.3494,10.3494,10.3494,10.3494,10.3494,10.3494,10.3494,10.3494,10.3494,10.3494,10.3494,10.3494,10.3494,10.3494,10.3494,10.3494,10.3494,10.3494,10.3494,10.3494,10.3494
44,201_Coal_1,201,Coal,2.11399,2.11399,2.11399,2.11399,2.11399,2.11399,2.11399,2.11399,2.11399,2.11399,2.11399,2.11399,2.11399,2.11399,2.11399,2.11399,2.11399,2.11399,2.11399,2.11399,2.11399,2.11399,2.11399,2.11399,2.11399,2.11399
45,201_Hydro_1,201,Hydro,0,0,0,0,0,0,0,0,0,0,0,0,0,0,0,0,0,0,0,0,0,0,0,0,0,0
46,202_Oil_CT_1,202,Oil_CT,10.3494,10.3494,10.3494,10.3494,10.3494,10.3494,10.3494,10.3494,10.3494,10.3494,10.3494,10.3494,10.3494,10.3494,10.3494,10.3494,10.3494,10.3494,10.3494,10.3494,10.3494,10.3494,10.3494,10.3494,10.3494,10.3494
47,202_Oil_CT_2,202,Oil_CT,10.3494,10.3494,10.3494,10.3494,10.3494,10.3494,10.3494,10.3494,10.3494,10.3494,10.3494,10.3494,10.3494,10.3494,10.3494,10.3494,10.3494,10.3494,10.3494,10.3494,10.3494,10.3494,10.3494,10.3494,10.3494,10.3494
48,202_Coal_1,202,Coal,2.11399,2.11399,2.11399,2.11399,2.11399,2.11399,2.11399,2.11399,2.11399,2.11399,2.11399,2.11399,2.11399,2.11399,2.11399,2.11399,2.11399,2.11399,2.11399,2.11399,2.11399,2.11399,2.11399,2.11399,2.11399,2.11399
49,202_Coal_2,202,Coal,2.11399,2.11399,2.11399,2.11399,2.11399,2.11399,2.11399,2.11399,2.11399,2.11399,2.11399,2.11399,2.11399,2.11399,2.11399,2.11399,2.11399,2.11399,2.11399,2.11399,2.11399,2.11399,2.11399,2.11399,2.11399,2.11399
50,207_Gas_CT_1,207,Gas_CT,3.88722,3.88722,3.88722,3.88722,3.88722,3.88722,3.88722,3.88722,3.88722,3.88722,3.88722,3.88722,3.88722,3.88722,3.88722,3.88722,3.88722,3.88722,3.88722,3.88722,3.88722,3.88722,3.88722,3.88722,3.88722,3.88722
51,207_Gas_CT_2,207,Gas_CT,3.88722,3.88722,3.88722,3.88722,3.88722,3.88722,3.88722,3.88722,3.88722,3.88722,3.88722,3.88722,3.88722,3.88722,3.88722,3.88722,3.88722,3.88722,3.88722,3.88722,3.88722,3.88722,3.88722,3.88722,3.88722,3.88722
52,213_Gas_CC_1,213,Gas_CC,3.88722,3.88722,3.88722,3.88722,3.88722,3.88722,3.88722,3.88722,3.88722,3.88722,3.88722,3.88722,3.88722,3.88722,3.88722,3.88722,3.88722,3.88722,3.88722,3.88722,3.88722,3.88722,3.88722,3.88722,3.88722,3.88722
53,213_Gas_CT_1,213,Gas_CT,3.88722,3.88722,3.88722,3.88722,3.88722,3.88722,3.88722,3.88722,3.88722,3.88722,3.88722,3.88722,3.88722,3.88722,3.88722,3.88722,3.88722,3.88722,3.88722,3.88722,3.88722,3.88722,3.88722,3.88722,3.88722,3.88722
54,213_Gas_CT_2,213,Gas_CT,3.88722,3.88722,3.88722,3.88722,3.88722,3.88722,3.88722,3.88722,3.88722,3.88722,3.88722,3.88722,3.88722,3.88722,3.88722,3.88722,3.88722,3.88722,3.88722,3.88722,3.88722,3.88722,3.88722,3.88722,3.88722,3.88722
55,215_Gas_CT_1,215,Gas_CT,3.88722,3.88722,3.88722,3.88722,3.88722,3.88722,3.88722,3.88722,3.88722,3.88722,3.88722,3.88722,3.88722,3.88722,3.88722,3.88722,3.88722,3.88722,3.88722,3.88722,3.88722,3.88722,3.88722,3.88722,3.88722,3.88722
56,215_Gas_CT_1,215,Gas_CT,3.88722,3.88722,3.88722,3.88722,3.88722,3.88722,3.88722,3.88722,3.88722,3.88722,3.88722,3.88722,3.88722,3.88722,3.88722,3.88722,3.88722,3.88722,3.88722,3.88722,3.88722,3.88722,3.88722,3.88722,3.88722,3.88722
57,215_Hydro_1,215,Hydro,0,0,0,0,0,0,0,0,0,0,0,0,0,0,0,0,0,0,0,0,0,0,0,0,0,0
58,215_Hydro_2,215,Hydro,0,0,0,0,0,0,0,0,0,0,0,0,0,0,0,0,0,0,0,0,0,0,0,0,0,0
59,215_Hydro_3,215,Hydro,0,0,0,0,0,0,0,0,0,0,0,0,0,0,0,0,0,0,0,0,0,0,0,0,0,0
61,216_Coal_1,216,Coal,2.11399,2.11399,2.11399,2.11399,2.11399,2.11399,2.11399,2.11399,2.11399,2.11399,2.11399,2.11399,2.11399,2.11399,2.11399,2.11399,2.11399,2.11399,2.11399,2.11399,2.11399,2.11399,2.11399,2.11399,2.11399,2.11399
62,218_Gas_CC_1,218,Gas_CC,3.88722,3.88722,3.88722,3.88722,3.88722,3.88722,3.88722,3.88722,3.88722,3.88722,3.88722,3.88722,3.88722,3.88722,3.88722,3.88722,3.88722,3.88722,3.88722,3.88722,3.88722,3.88722,3.88722,3.88722,3.88722,3.88722
63,221_Gas_CC_1,221,Gas_CC,3.88722,3.88722,3.88722,3.88722,3.88722,3.88722,3.88722,3.88722,3.88722,3.88722,3.88722,3.88722,3.88722,3.88722,3.88722,3.88722,3.88722,3.88722,3.88722,3.88722,3.88722,3.88722,3.88722,3.88722,3.88722,3.88722
64,222_Hydro_1,222,Hydro,0,0,0,0,0,0,0,0,0,0,0,0,0,0,0,0,0,0,0,0,0,0,0,0,0,0
65,222_Hydro_2,222,Hydro,0,0,0,0,0,0,0,0,0,0,0,0,0,0,0,0,0,0,0,0,0,0,0,0,0,0
66,222_Hydro_3,222,Hydro,0,0,0,0,0,0,0,0,0,0,0,0,0,0,0,0,0,0,0,0,0,0,0,0,0,0
67,222_Hydro_4,222,Hydro,0,0,0,0,0,0,0,0,0,0,0,0,0,0,0,0,0,0,0,0,0,0,0,0,0,0
68,222_Hydro_5,222,Hydro,0,0,0,0,0,0,0,0,0,0,0,0,0,0,0,0,0,0,0,0,0,0,0,0,0,0
69,222_Hydro_6,222,Hydro,0,0,0,0,0,0,0,0,0,0,0,0,0,0,0,0,0,0,0,0,0,0,0,0,0,0
70,223_Coal_1,223,Coal,2.11399,2.11399,2.11399,2.11399,2.11399,2.11399,2.11399,2.11399,2.11399,2.11399,2.11399,2.11399,2.11399,2.11399,2.11399,2.11399,2.11399,2.11399,2.11399,2.11399,2.11399,2.11399,2.11399,2.11399,2.11399,2.11399
71,223_Coal_2,223,Coal,2.11399,2.11399,2.11399,2.11399,2.11399,2.11399,2.11399,2.11399,2.11399,2.11399,2.11399,2.11399,2.11399,2.11399,2.11399,2.11399,2.11399,2.11399,2.11399,2.11399,2.11399,2.11399,2.11399,2.11399,2.11399,2.11399
72,223_Coal_3,223,Coal,2.11399,2.11399,2.11399,2.11399,2.11399,2.11399,2.11399,2.11399,2.11399,2.11399,2.11399,2.11399,2.11399,2.11399,2.11399,2.11399,2.11399,2.11399,2.11399,2.11399,2.11399,2.11399,2.11399,2.11399,2.11399,2.11399
73,223_Gas_CT_1,223,Gas_CT,3.88722,3.88722,3.88722,3.88722,3.88722,3.88722,3.88722,3.88722,3.88722,3.88722,3.88722,3.88722,3.88722,3.88722,3.88722,3.88722,3.88722,3.88722,3.88722,3.88722,3.88722,3.88722,3.88722,3.88722,3.88722,3.88722
74,223_Gas_CT_2,223,Gas_CT,3.88722,3.88722,3.88722,3.88722,3.88722,3.88722,3.88722,3.88722,3.88722,3.88722,3.88722,3.88722,3.88722,3.88722,3.88722,3.88722,3.88722,3.88722,3.88722,3.88722,3.88722,3.88722,3.88722,3.88722,3.88722,3.88722
75,223_Gas_CT_3,223,Gas_CT,3.88722,3.88722,3.88722,3.88722,3.88722,3.88722,3.88722,3.88722,3.88722,3.88722,3.88722,3.88722,3.88722,3.88722,3.88722,3.88722,3.88722,3.88722,3.88722,3.88722,3.88722,3.88722,3.88722,3.88722,3.88722,3.88722
76,301_Oil_CT_1,301,Oil_CT,10.3494,10.3494,10.3494,10.3494,10.3494,10.3494,10.3494,10.3494,10.3494,10.3494,10.3494,10.3494,10.3494,10.3494,10.3494,10.3494,10.3494,10.3494,10.3494,10.3494,10.3494,10.3494,10.3494,10.3494,10.3494,10.3494
77,301_Oil_CT_2,301,Oil_CT,10.3494,10.3494,10.3494,10.3494,10.3494,10.3494,10.3494,10.3494,10.3494,10.3494,10.3494,10.3494,10.3494,10.3494,10.3494,10.3494,10.3494,10.3494,10.3494,10.3494,10.3494,10.3494,10.3494,10.3494,10.3494,10.3494
78,301_Gas_CT_1,301,Gas_CT,3.88722,3.88722,3.88722,3.88722,3.88722,3.88722,3.88722,3.88722,3.88722,3.88722,3.88722,3.88722,3.88722,3.88722,3.88722,3.88722,3.88722,3.88722,3.88722,3.88722,3.88722,3.88722,3.88722,3.88722,3.88722,3.88722
79,301_Gas_CT_2,301,Gas_CT,3.88722,3.88722,3.88722,3.88722,3.88722,3.88722,3.88722,3.88722,3.88722,3.88722,3.88722,3.88722,3.88722,3.88722,3.88722,3.88722,3.88722,3.88722,3.88722,3.88722,3.88722,3.88722,3.88722,3.88722,3.88722,3.88722
80,302_Oil_CT_1,302,Oil_CT,10.3494,10.3494,10.3494,10.3494,10.3494,10.3494,10.3494,10.3494,10.3494,10.3494,10.3494,10.3494,10.3494,10.3494,10.3494,10.3494,10.3494,10.3494,10.3494,10.3494,10.3494,10.3494,10.3494,10.3494,10.3494,10.3494
81,302_Oil_CT_2,302,Oil_CT,10.3494,10.3494,10.3494,10.3494,10.3494,10.3494,10.3494,10.3494,10.3494,10.3494,10.3494,10.3494,10.3494,10.3494,10.3494,10.3494,10.3494,10.3494,10.3494,10.3494,10.3494,10.3494,10.3494,10.3494,10.3494,10.3494
82,302_Gas_CT_1,302,Gas_CT,3.88722,3.88722,3.88722,3.88722,3.88722,3.88722,3.88722,3.88722,3.88722,3.88722,3.88722,3.88722,3.88722,3.88722,3.88722,3.88722,3.88722,3.88722,3.88722,3.88722,3.88722,3.88722,3.88722,3.88722,3.88722,3.88722
83,302_Gas_CT_2,302,Gas_CT,3.88722,3.88722,3.88722,3.88722,3.88722,3.88722,3.88722,3.88722,3.88722,3.88722,3.88722,3.88722,3.88722,3.88722,3.88722,3.88722,3.88722,3.88722,3.88722,3.88722,3.88722,3.88722,3.88722,3.88722,3.88722,3.88722
85,307_Gas_CT_1,307,Gas_CT,3.88722,3.88722,3.88722,3.88722,3.88722,3.88722,3.88722,3.88722,3.88722,3.88722,3.88722,3.88722,3.88722,3.88722,3.88722,3.88722,3.88722,3.88722,3.88722,3.88722,3.88722,3.88722,3.88722,3.88722,3.88722,3.88722
86,307_Gas_CT_2,307,Gas_CT,3.88722,3.88722,3.88722,3.88722,3.88722,3.88722,3.88722,3.88722,3.88722,3.88722,3.88722,3.88722,3.88722,3.88722,3.88722,3.88722,3.88722,3.88722,3.88722,3.88722,3.88722,3.88722,3.88722,3.88722,3.88722,3.88722
91,313_Gas_CC_1,313,Gas_CC,3.88722,3.88722,3.88722,3.88722,3.88722,3.88722,3.88722,3.88722,3.88722,3.88722,3.88722,3.88722,3.88722,3.88722,3.88722,3.88722,3.88722,3.88722,3.88722,3.88722,3.88722,3.88722,3.88722,3.88722,3.88722,3.88722
99,315_Oil_ST_1,315,Oil_ST,10.3494,10.3494,10.3494,10.3494,10.3494,10.3494,10.3494,10.3494,10.3494,10.3494,10.3494,10.3494,10.3494,10.3494,10.3494,10.3494,10.3494,10.3494,10.3494,10.3494,10.3494,10.3494,10.3494,10.3494,10.3494,10.3494
100,315_Oil_ST_2,315,Oil_ST,10.3494,10.3494,10.3494,10.3494,10.3494,10.3494,10.3494,10.3494,10.3494,10.3494,10.3494,10.3494,10.3494,10.3494,10.3494,10.3494,10.3494,10.3494,10.3494,10.3494,10.3494,10.3494,10.3494,10.3494,10.3494,10.3494
101,315_Oil_ST_3,315,Oil_ST,10.3494,10.3494,10.3494,10.3494,10.3494,10.3494,10.3494,10.3494,10.3494,10.3494,10.3494,10.3494,10.3494,10.3494,10.3494,10.3494,10.3494,10.3494,10.3494,10.3494,10.3494,10.3494,10.3494,10.3494,10.3494,10.3494
102,315_Oil_ST_4,315,Oil_ST,10.3494,10.3494,10.3494,10.3494,10.3494,10.3494,10.3494,10.3494,10.3494,10.3494,10.3494,10.3494,10.3494,10.3494,10.3494,10.3494,10.3494,10.3494,10.3494,10.3494,10.3494,10.3494,10.3494,10.3494,10.3494,10.3494
103,315_Oil_ST_5,315,Oil_ST,10.3494,10.3494,10.3494,10.3494,10.3494,10.3494,10.3494,10.3494,10.3494,10.3494,10.3494,10.3494,10.3494,10.3494,10.3494,10.3494,10.3494,10.3494,10.3494,10.3494,10.3494,10.3494,10.3494,10.3494,10.3494,10.3494
104,315_Gas_CT_1,315,Gas_CT,3.88722,3.88722,3.88722,3.88722,3.88722,3.88722,3.88722,3.88722,3.88722,3.88722,3.88722,3.88722,3.88722,3.88722,3.88722,3.88722,3.88722,3.88722,3.88722,3.88722,3.88722,3.88722,3.88722,3.88722,3.88722,3.88722
105,315_Gas_CT_2,315,Gas_CT,3.88722,3.88722,3.88722,3.88722,3.88722,3.88722,3.88722,3.88722,3.88722,3.88722,3.88722,3.88722,3.88722,3.88722,3.88722,3.88722,3.88722,3.88722,3.88722,3.88722,3.88722,3.88722,3.88722,3.88722,3.88722,3.88722
106,315_Gas_CT_3,315,Gas_CT,3.88722,3.88722,3.88722,3.88722,3.88722,3.88722,3.88722,3.88722,3.88722,3.88722,3.88722,3.88722,3.88722,3.88722,3.88722,3.88722,3.88722,3.88722,3.88722,3.88722,3.88722,3.88722,3.88722,3.88722,3.88722,3.88722
107,316_Coal_1,316,Coal,2.11399,2.11399,2.11399,2.11399,2.11399,2.11399,2.11399,2.11399,2.11399,2.11399,2.11399,2.11399,2.11399,2.11399,2.11399,2.11399,2.11399,2.11399,2.11399,2.11399,2.11399,2.11399,2.11399,2.11399,2.11399,2.11399
109,318_Gas_CC_1,318,Gas_CC,3.88722,3.88722,3.88722,3.88722,3.88722,3.88722,3.88722,3.88722,3.88722,3.88722,3.88722,3.88722,3.88722,3.88722,3.88722,3.88722,3.88722,3.88722,3.88722,3.88722,3.88722,3.88722,3.88722,3.88722,3.88722,3.88722
112,321_Gas_CC_1,321,Gas_CC,3.88722,3.88722,3.88722,3.88722,3.88722,3.88722,3.88722,3.88722,3.88722,3.88722,3.88722,3.88722,3.88722,3.88722,3.88722,3.88722,3.88722,3.88722,3.88722,3.88722,3.88722,3.88722,3.88722,3.88722,3.88722,3.88722
113,322_Gas_CT_1,322,Gas_CT,3.88722,3.88722,3.88722,3.88722,3.88722,3.88722,3.88722,3.88722,3.88722,3.88722,3.88722,3.88722,3.88722,3.88722,3.88722,3.88722,3.88722,3.88722,3.88722,3.88722,3.88722,3.88722,3.88722,3.88722,3.88722,3.88722
114,322_Gas_CT_2,322,Gas_CT,3.88722,3.88722,3.88722,3.88722,3.88722,3.88722,3.88722,3.88722,3.88722,3.88722,3.88722,3.88722,3.88722,3.88722,3.88722,3.88722,3.88722,3.88722,3.88722,3.88722,3.88722,3.88722,3.88722,3.88722,3.88722,3.88722
115,322_Hydro_1,322,Hydro,0,0,0,0,0,0,0,0,0,0,0,0,0,0,0,0,0,0,0,0,0,0,0,0,0,0
116,322_Hydro_2,322,Hydro,0,0,0,0,0,0,0,0,0,0,0,0,0,0,0,0,0,0,0,0,0,0,0,0,0,0
117,322_Hydro_3,322,Hydro,0,0,0,0,0,0,0,0,0,0,0,0,0,0,0,0,0,0,0,0,0,0,0,0,0,0
118,322_Hydro_4,322,Hydro,0,0,0,0,0,0,0,0,0,0,0,0,0,0,0,0,0,0,0,0,0,0,0,0,0,0
119,323_Gas_CC_1,323,Gas_CC,3.88722,3.88722,3.88722,3.88722,3.88722,3.88722,3.88722,3.88722,3.88722,3.88722,3.88722,3.88722,3.88722,3.88722,3.88722,3.88722,3.88722,3.88722,3.88722,3.88722,3.88722,3.88722,3.88722,3.88722,3.88722,3.88722
120,323_Gas_CC_2,323,Gas_CC,3.88722,3.88722,3.88722,3.88722,3.88722,3.88722,3.88722,3.88722,3.88722,3.88722,3.88722,3.88722,3.88722,3.88722,3.88722,3.88722,3.88722,3.88722,3.88722,3.88722,3.88722,3.88722,3.88722,3.88722,3.88722,3.88722
483,107_Gas_CT_Cand,107,Gas_CT_Cand,3.88722,3.88722,3.88722,3.88722,3.88722,3.88722,3.88722,3.88722,3.88722,3.88722,3.88722,3.88722,3.88722,3.88722,3.88722,3.88722,3.88722,3.88722,3.88722,3.88722,3.88722,3.88722,3.88722,3.88722,3.88722,3.88722
484,113_Gas_CT_Cand,113,Gas_CT_Cand,3.88722,3.88722,3.88722,3.88722,3.88722,3.88722,3.88722,3.88722,3.88722,3.88722,3.88722,3.88722,3.88722,3.88722,3.88722,3.88722,3.88722,3.88722,3.88722,3.88722,3.88722,3.88722,3.88722,3.88722,3.88722,3.88722
485,118_Gas_CT_Cand,118,Gas_CT_Cand,3.88722,3.88722,3.88722,3.88722,3.88722,3.88722,3.88722,3.88722,3.88722,3.88722,3.88722,3.88722,3.88722,3.88722,3.88722,3.88722,3.88722,3.88722,3.88722,3.88722,3.88722,3.88722,3.88722,3.88722,3.88722,3.88722
486,123_Gas_CT_Cand,123,Gas_CT_Cand,3.88722,3.88722,3.88722,3.88722,3.88722,3.88722,3.88722,3.88722,3.88722,3.88722,3.88722,3.88722,3.88722,3.88722,3.88722,3.88722,3.88722,3.88722,3.88722,3.88722,3.88722,3.88722,3.88722,3.88722,3.88722,3.88722
487,207_Gas_CT_Cand,207,Gas_CT_Cand,3.88722,3.88722,3.88722,3.88722,3.88722,3.88722,3.88722,3.88722,3.88722,3.88722,3.88722,3.88722,3.88722,3.88722,3.88722,3.88722,3.88722,3.88722,3.88722,3.88722,3.88722,3.88722,3.88722,3.88722,3.88722,3.88722
488,213_Gas_CT_Cand,213,Gas_CT_Cand,3.88722,3.88722,3.88722,3.88722,3.88722,3.88722,3.88722,3.88722,3.88722,3.88722,3.88722,3.88722,3.88722,3.88722,3.88722,3.88722,3.88722,3.88722,3.88722,3.88722,3.88722,3.88722,3.88722,3.88722,3.88722,3.88722
489,215_Gas_CT_Cand,215,Gas_CT_Cand,3.88722,3.88722,3.88722,3.88722,3.88722,3.88722,3.88722,3.88722,3.88722,3.88722,3.88722,3.88722,3.88722,3.88722,3.88722,3.88722,3.88722,3.88722,3.88722,3.88722,3.88722,3.88722,3.88722,3.88722,3.88722,3.88722
490,218_Gas_CT_Cand,218,Gas_CT_Cand,3.88722,3.88722,3.88722,3.88722,3.88722,3.88722,3.88722,3.88722,3.88722,3.88722,3.88722,3.88722,3.88722,3.88722,3.88722,3.88722,3.88722,3.88722,3.88722,3.88722,3.88722,3.88722,3.88722,3.88722,3.88722,3.88722
491,221_Gas_CT_Cand,221,Gas_CT_Cand,3.88722,3.88722,3.88722,3.88722,3.88722,3.88722,3.88722,3.88722,3.88722,3.88722,3.88722,3.88722,3.88722,3.88722,3.88722,3.88722,3.88722,3.88722,3.88722,3.88722,3.88722,3.88722,3.88722,3.88722,3.88722,3.88722
492,223_Gas_CT_Cand,223,Gas_CT_Cand,3.88722,3.88722,3.88722,3.88722,3.88722,3.88722,3.88722,3.88722,3.88722,3.88722,3.88722,3.88722,3.88722,3.88722,3.88722,3.88722,3.88722,3.88722,3.88722,3.88722,3.88722,3.88722,3.88722,3.88722,3.88722,3.88722
493,301_Gas_CT_Cand,301,Gas_CT_Cand,3.88722,3.88722,3.88722,3.88722,3.88722,3.88722,3.88722,3.88722,3.88722,3.88722,3.88722,3.88722,3.88722,3.88722,3.88722,3.88722,3.88722,3.88722,3.88722,3.88722,3.88722,3.88722,3.88722,3.88722,3.88722,3.88722
494,302_Gas_CT_Cand,302,Gas_CT_Cand,3.88722,3.88722,3.88722,3.88722,3.88722,3.88722,3.88722,3.88722,3.88722,3.88722,3.88722,3.88722,3.88722,3.88722,3.88722,3.88722,3.88722,3.88722,3.88722,3.88722,3.88722,3.88722,3.88722,3.88722,3.88722,3.88722
495,307_Gas_CT_Cand,307,Gas_CT_Cand,3.88722,3.88722,3.88722,3.88722,3.88722,3.88722,3.88722,3.88722,3.88722,3.88722,3.88722,3.88722,3.88722,3.88722,3.88722,3.88722,3.88722,3.88722,3.88722,3.88722,3.88722,3.88722,3.88722,3.88722,3.88722,3.88722
496,313_Gas_CT_Cand,313,Gas_CT_Cand,3.88722,3.88722,3.88722,3.88722,3.88722,3.88722,3.88722,3.88722,3.88722,3.88722,3.88722,3.88722,3.88722,3.88722,3.88722,3.88722,3.88722,3.88722,3.88722,3.88722,3.88722,3.88722,3.88722,3.88722,3.88722,3.88722
497,315_Gas_CT_Cand,315,Gas_CT_Cand,3.88722,3.88722,3.88722,3.88722,3.88722,3.88722,3.88722,3.88722,3.88722,3.88722,3.88722,3.88722,3.88722,3.88722,3.88722,3.88722,3.88722,3.88722,3.88722,3.88722,3.88722,3.88722,3.88722,3.88722,3.88722,3.88722
498,318_Gas_CT_Cand,318,Gas_CT_Cand,3.88722,3.88722,3.88722,3.88722,3.88722,3.88722,3.88722,3.88722,3.88722,3.88722,3.88722,3.88722,3.88722,3.88722,3.88722,3.88722,3.88722,3.88722,3.88722,3.88722,3.88722,3.88722,3.88722,3.88722,3.88722,3.88722
499,321_Gas_CT_Cand,321,Gas_CT_Cand,3.88722,3.88722,3.88722,3.88722,3.88722,3.88722,3.88722,3.88722,3.88722,3.88722,3.88722,3.88722,3.88722,3.88722,3.88722,3.88722,3.88722,3.88722,3.88722,3.88722,3.88722,3.88722,3.88722,3.88722,3.88722,3.88722
500,323_Gas_CT_Cand,323,Gas_CT_Cand,3.88722,3.88722,3.88722,3.88722,3.88722,3.88722,3.88722,3.88722,3.88722,3.88722,3.88722,3.88722,3.88722,3.88722,3.88722,3.88722,3.88722,3.88722,3.88722,3.88722,3.88722,3.88722,3.88722,3.88722,3.88722,3.88722
501,322_Gas_CT_Cand,322,Gas_CT_Cand,3.88722,3.88722,3.88722,3.88722,3.88722,3.88722,3.88722,3.88722,3.88722,3.88722,3.88722,3.88722,3.88722,3.88722,3.88722,3.88722,3.88722,3.88722,3.88722,3.88722,3.88722,3.88722,3.88722,3.88722,3.88722,3.88722
502,107_Gas_CC_Cand,107,Gas_CC_Cand,3.88722,3.88722,3.88722,3.88722,3.88722,3.88722,3.88722,3.88722,3.88722,3.88722,3.88722,3.88722,3.88722,3.88722,3.88722,3.88722,3.88722,3.88722,3.88722,3.88722,3.88722,3.88722,3.88722,3.88722,3.88722,3.88722
503,113_Gas_CC_Cand,113,Gas_CC_Cand,3.88722,3.88722,3.88722,3.88722,3.88722,3.88722,3.88722,3.88722,3.88722,3.88722,3.88722,3.88722,3.88722,3.88722,3.88722,3.88722,3.88722,3.88722,3.88722,3.88722,3.88722,3.88722,3.88722,3.88722,3.88722,3.88722
504,118_Gas_CC_Cand,118,Gas_CC_Cand,3.88722,3.88722,3.88722,3.88722,3.88722,3.88722,3.88722,3.88722,3.88722,3.88722,3.88722,3.88722,3.88722,3.88722,3.88722,3.88722,3.88722,3.88722,3.88722,3.88722,3.88722,3.88722,3.88722,3.88722,3.88722,3.88722
505,123_Gas_CC_Cand,123,Gas_CC_Cand,3.88722,3.88722,3.88722,3.88722,3.88722,3.88722,3.88722,3.88722,3.88722,3.88722,3.88722,3.88722,3.88722,3.88722,3.88722,3.88722,3.88722,3.88722,3.88722,3.88722,3.88722,3.88722,3.88722,3.88722,3.88722,3.88722
506,207_Gas_CC_Cand,207,Gas_CC_Cand,3.88722,3.88722,3.88722,3.88722,3.88722,3.88722,3.88722,3.88722,3.88722,3.88722,3.88722,3.88722,3.88722,3.88722,3.88722,3.88722,3.88722,3.88722,3.88722,3.88722,3.88722,3.88722,3.88722,3.88722,3.88722,3.88722
507,213_Gas_CC_Cand,213,Gas_CC_Cand,3.88722,3.88722,3.88722,3.88722,3.88722,3.88722,3.88722,3.88722,3.88722,3.88722,3.88722,3.88722,3.88722,3.88722,3.88722,3.88722,3.88722,3.88722,3.88722,3.88722,3.88722,3.88722,3.88722,3.88722,3.88722,3.88722
508,215_Gas_CC_Cand,215,Gas_CC_Cand,3.88722,3.88722,3.88722,3.88722,3.88722,3.88722,3.88722,3.88722,3.88722,3.88722,3.88722,3.88722,3.88722,3.88722,3.88722,3.88722,3.88722,3.88722,3.88722,3.88722,3.88722,3.88722,3.88722,3.88722,3.88722,3.88722
509,218_Gas_CC_Cand,218,Gas_CC_Cand,3.88722,3.88722,3.88722,3.88722,3.88722,3.88722,3.88722,3.88722,3.88722,3.88722,3.88722,3.88722,3.88722,3.88722,3.88722,3.88722,3.88722,3.88722,3.88722,3.88722,3.88722,3.88722,3.88722,3.88722,3.88722,3.88722
510,221_Gas_CC_Cand,221,Gas_CC_Cand,3.88722,3.88722,3.88722,3.88722,3.88722,3.88722,3.88722,3.88722,3.88722,3.88722,3.88722,3.88722,3.88722,3.88722,3.88722,3.88722,3.88722,3.88722,3.88722,3.88722,3.88722,3.88722,3.88722,3.88722,3.88722,3.88722
511,223_Gas_CC_Cand,223,Gas_CC_Cand,3.88722,3.88722,3.88722,3.88722,3.88722,3.88722,3.88722,3.88722,3.88722,3.88722,3.88722,3.88722,3.88722,3.88722,3.88722,3.88722,3.88722,3.88722,3.88722,3.88722,3.88722,3.88722,3.88722,3.88722,3.88722,3.88722
512,301_Gas_CC_Cand,301,Gas_CC_Cand,3.88722,3.88722,3.88722,3.88722,3.88722,3.88722,3.88722,3.88722,3.88722,3.88722,3.88722,3.88722,3.88722,3.88722,3.88722,3.88722,3.88722,3.88722,3.88722,3.88722,3.88722,3.88722,3.88722,3.88722,3.88722,3.88722
513,302_Gas_CC_Cand,302,Gas_CC_Cand,3.88722,3.88722,3.88722,3.88722,3.88722,3.88722,3.88722,3.88722,3.88722,3.88722,3.88722,3.88722,3.88722,3.88722,3.88722,3.88722,3.88722,3.88722,3.88722,3.88722,3.88722,3.88722,3.88722,3.88722,3.88722,3.88722
514,307_Gas_CC_Cand,307,Gas_CC_Cand,3.88722,3.88722,3.88722,3.88722,3.88722,3.88722,3.88722,3.88722,3.88722,3.88722,3.88722,3.88722,3.88722,3.88722,3.88722,3.88722,3.88722,3.88722,3.88722,3.88722,3.88722,3.88722,3.88722,3.88722,3.88722,3.88722
515,313_Gas_CC_Cand,313,Gas_CC_Cand,3.88722,3.88722,3.88722,3.88722,3.88722,3.88722,3.88722,3.88722,3.88722,3.88722,3.88722,3.88722,3.88722,3.88722,3.88722,3.88722,3.88722,3.88722,3.88722,3.88722,3.88722,3.88722,3.88722,3.88722,3.88722,3.88722
516,315_Gas_CC_Cand,315,Gas_CC_Cand,3.88722,3.88722,3.88722,3.88722,3.88722,3.88722,3.88722,3.88722,3.88722,3.88722,3.88722,3.88722,3.88722,3.88722,3.88722,3.88722,3.88722,3.88722,3.88722,3.88722,3.88722,3.88722,3.88722,3.88722,3.88722,3.88722
517,318_Gas_CC_Cand,318,Gas_CC_Cand,3.88722,3.88722,3.88722,3.88722,3.88722,3.88722,3.88722,3.88722,3.88722,3.88722,3.88722,3.88722,3.88722,3.88722,3.88722,3.88722,3.88722,3.88722,3.88722,3.88722,3.88722,3.88722,3.88722,3.88722,3.88722,3.88722
518,321_Gas_CC_Cand,321,Gas_CC_Cand,3.88722,3.88722,3.88722,3.88722,3.88722,3.88722,3.88722,3.88722,3.88722,3.88722,3.88722,3.88722,3.88722,3.88722,3.88722,3.88722,3.88722,3.88722,3.88722,3.88722,3.88722,3.88722,3.88722,3.88722,3.88722,3.88722
519,323_Gas_CC_Cand,323,Gas_CC_Cand,3.88722,3.88722,3.88722,3.88722,3.88722,3.88722,3.88722,3.88722,3.88722,3.88722,3.88722,3.88722,3.88722,3.88722,3.88722,3.88722,3.88722,3.88722,3.88722,3.88722,3.88722,3.88722,3.88722,3.88722,3.88722,3.88722
520,322_Gas_CC_Cand,322,Gas_CC_Cand,3.88722,3.88722,3.88722,3.88722,3.88722,3.88722,3.88722,3.88722,3.88722,3.88722,3.88722,3.88722,3.88722,3.88722,3.88722,3.88722,3.88722,3.88722,3.88722,3.88722,3.88722,3.88722,3.88722,3.88722,3.88722,3.88722
521,107_SMR_Cand,107,SMR_Cand,1.2,1.2,1.2,1.2,1.2,1.2,1.2,1.2,1.2,1.2,1.2,1.2,1.2,1.2,1.2,1.2,1.2,1.2,1.2,1.2,1.2,1.2,1.2,1.2,1.2,1.2
522,113_SMR_Cand,113,SMR_Cand,1.2,1.2,1.2,1.2,1.2,1.2,1.2,1.2,1.2,1.2,1.2,1.2,1.2,1.2,1.2,1.2,1.2,1.2,1.2,1.2,1.2,1.2,1.2,1.2,1.2,1.2
523,118_SMR_Cand,118,SMR_Cand,1.2,1.2,1.2,1.2,1.2,1.2,1.2,1.2,1.2,1.2,1.2,1.2,1.2,1.2,1.2,1.2,1.2,1.2,1.2,1.2,1.2,1.2,1.2,1.2,1.2,1.2
524,123_SMR_Cand,123,SMR_Cand,1.2,1.2,1.2,1.2,1.2,1.2,1.2,1.2,1.2,1.2,1.2,1.2,1.2,1.2,1.2,1.2,1.2,1.2,1.2,1.2,1.2,1.2,1.2,1.2,1.2,1.2
525,207_SMR_Cand,207,SMR_Cand,1.2,1.2,1.2,1.2,1.2,1.2,1.2,1.2,1.2,1.2,1.2,1.2,1.2,1.2,1.2,1.2,1.2,1.2,1.2,1.2,1.2,1.2,1.2,1.2,1.2,1.2
526,213_SMR_Cand,213,SMR_Cand,1.2,1.2,1.2,1.2,1.2,1.2,1.2,1.2,1.2,1.2,1.2,1.2,1.2,1.2,1.2,1.2,1.2,1.2,1.2,1.2,1.2,1.2,1.2,1.2,1.2,1.2
527,215_SMR_Cand,215,SMR_Cand,1.2,1.2,1.2,1.2,1.2,1.2,1.2,1.2,1.2,1.2,1.2,1.2,1.2,1.2,1.2,1.2,1.2,1.2,1.2,1.2,1.2,1.2,1.2,1.2,1.2,1.2
528,218_SMR_Cand,218,SMR_Cand,1.2,1.2,1.2,1.2,1.2,1.2,1.2,1.2,1.2,1.2,1.2,1.2,1.2,1.2,1.2,1.2,1.2,1.2,1.2,1.2,1.2,1.2,1.2,1.2,1.2,1.2
529,221_SMR_Cand,221,SMR_Cand,1.2,1.2,1.2,1.2,1.2,1.2,1.2,1.2,1.2,1.2,1.2,1.2,1.2,1.2,1.2,1.2,1.2,1.2,1.2,1.2,1.2,1.2,1.2,1.2,1.2,1.2
530,223_SMR_Cand,223,SMR_Cand,1.2,1.2,1.2,1.2,1.2,1.2,1.2,1.2,1.2,1.2,1.2,1.2,1.2,1.2,1.2,1.2,1.2,1.2,1.2,1.2,1.2,1.2,1.2,1.2,1.2,1.2
531,301_SMR_Cand,301,SMR_Cand,1.2,1.2,1.2,1.2,1.2,1.2,1.2,1.2,1.2,1.2,1.2,1.2,1.2,1.2,1.2,1.2,1.2,1.2,1.2,1.2,1.2,1.2,1.2,1.2,1.2,1.2
532,302_SMR_Cand,302,SMR_Cand,1.2,1.2,1.2,1.2,1.2,1.2,1.2,1.2,1.2,1.2,1.2,1.2,1.2,1.2,1.2,1.2,1.2,1.2,1.2,1.2,1.2,1.2,1.2,1.2,1.2,1.2
533,307_SMR_Cand,307,SMR_Cand,1.2,1.2,1.2,1.2,1.2,1.2,1.2,1.2,1.2,1.2,1.2,1.2,1.2,1.2,1.2,1.2,1.2,1.2,1.2,1.2,1.2,1.2,1.2,1.2,1.2,1.2
534,313_SMR_Cand,313,SMR_Cand,1.2,1.2,1.2,1.2,1.2,1.2,1.2,1.2,1.2,1.2,1.2,1.2,1.2,1.2,1.2,1.2,1.2,1.2,1.2,1.2,1.2,1.2,1.2,1.2,1.2,1.2
535,315_SMR_Cand,315,SMR_Cand,1.2,1.2,1.2,1.2,1.2,1.2,1.2,1.2,1.2,1.2,1.2,1.2,1.2,1.2,1.2,1.2,1.2,1.2,1.2,1.2,1.2,1.2,1.2,1.2,1.2,1.2
536,318_SMR_Cand,318,SMR_Cand,1.2,1.2,1.2,1.2,1.2,1.2,1.2,1.2,1.2,1.2,1.2,1.2,1.2,1.2,1.2,1.2,1.2,1.2,1.2,1.2,1.2,1.2,1.2,1.2,1.2,1.2
537,321_SMR_Cand,321,SMR_Cand,1.2,1.2,1.2,1.2,1.2,1.2,1.2,1.2,1.2,1.2,1.2,1.2,1.2,1.2,1.2,1.2,1.2,1.2,1.2,1.2,1.2,1.2,1.2,1.2,1.2,1.2
538,323_SMR_Cand,323,SMR_Cand,1.2,1.2,1.2,1.2,1.2,1.2,1.2,1.2,1.2,1.2,1.2,1.2,1.2,1.2,1.2,1.2,1.2,1.2,1.2,1.2,1.2,1.2,1.2,1.2,1.2,1.2
539,322_SMR_Cand,322,SMR_Cand,1.2,1.2,1.2,1.2,1.2,1.2,1.2,1.2,1.2,1.2,1.2,1.2,1.2,1.2,1.2,1.2,1.2,1.2,1.2,1.2,1.2,1.2,1.2,1.2,1.2,1.2
