Gen_num,Gen_name,Bus_num,Bus,Tech,Tech_Num,Cap,MinCap,CandCap,SystCap,PlannedYr,RetYr,RetCap,CapCred,LeadTime,YearAvail,HR,FOM,VOM,PTC,ITC,Lifetime,Ramp,FOR,CO2,SO2,NO2,TransAdder,MTTF,MTTR
1,101_Oil_CT_1,101,Abel,Oil_CT,5,20,8,0,0,2020,2030,20,0.95,0,2020,10.352,16821.03156,4.630629688,0,0,100,0.04,0.1,0,0,0,0,450,50
2,101_Oil_CT_2,101,Abel,Oil_CT,5,20,8,0,0,2020,2030,20,0.95,0,2020,10.352,16821.03156,4.630629688,0,0,100,0.04,0.1,0,0,0,0,450,50
3,101_Coal_1,101,Abel,Coal,2,76,30,0,0,2020,2030,76,0.95,0,2020,8.549,85074.35938,9.368948438,0,0,100,0.04,0.02,0,0,0,0,1960,40
4,101_Coal_2,101,Abel,Coal,2,76,30,0,0,2020,2040,76,0.95,0,2020,8.549,85074.35938,9.368948438,0,0,100,0.04,0.02,0,0,0,0,1960,40
5,101_PV_1,101,Abel,Solar,8,25.9,0,0,0,2020,2050,25.9,0.28,0,2020,0,17230.25,0,0,0,20,0,0,0,0,0,0,0,0
6,101_PV_2,101,Abel,Solar,8,26.7,0,0,0,2020,2050,26.7,0.28,0,2020,0,17230.25,0,0,0,20,0,0,0,0,0,0,0,0
7,101_PV_3,101,Abel,Solar,8,26.2,0,0,0,2020,2050,26.2,0.28,0,2020,0,17230.25,0,0,0,20,0,0,0,0,0,0,0,0
8,101_PV_4,101,Abel,Solar,8,25.8,0,0,0,2020,2050,25.8,0.28,0,2020,0,17230.25,0,0,0,20,0,0,0,0,0,0,0,0
9,102_Oil_CT_1,102,Adams,Oil_CT,5,20,8,0,0,2020,2030,20,0.95,0,2020,9.622,16821.03156,4.630629688,0,0,100,0.04,0.1,0,0,0,0,450,50
10,102_Oil_CT_2,102,Adams,Oil_CT,5,20,8,0,0,2020,2030,20,0.95,0,2020,9.622,16821.03156,4.630629688,0,0,100,0.04,0.1,0,0,0,0,450,50
11,102_Coal_1,102,Adams,Coal,2,76,30,0,0,2020,2040,76,0.95,0,2020,10.651,85074.35938,9.368948438,0,0,100,0.04,0.02,0,0,0,0,1960,40
12,102_Coal_2,102,Adams,Coal,2,76,30,0,0,2020,2040,76,0.95,0,2020,10.651,85074.35938,9.368948438,0,0,100,0.04,0.02,0,0,0,0,1960,40
13,102_PV_1,102,Adams,Solar,8,25.6,0,0,0,2020,2050,25.6,0.28,0,2020,0,17230.25,0,0,0,20,0,0,0,0,0,0,0,0
14,102_PV_2,102,Adams,Solar,8,25.3,0,0,0,2020,2050,25.3,0.28,0,2020,0,17230.25,0,0,0,20,0,0,0,0,0,0,0,0
15,103_PV_1,103,Adler,Solar,8,61.5,0,0,0,2020,2050,61.5,0.28,0,2020,0,17230.25,0,0,0,20,0,0,0,0,0,0,0,0
16,104_PV_1,104,Agricola,Solar,8,26.8,0,0,0,2020,2050,26.8,0.28,0,2020,0,17230.25,0,0,0,20,0,0,0,0,0,0,0,0
17,107_Gas_CC_1,107,Alder,Gas_CC,4,355,50,0,0,2020,2040,355,0.95,0,2020,7.854,32306.71875,2.046092188,0,0,100,0.05,0.033,0,0,0,0,967,33
18,113_Gas_CT_1,113,Arne,Gas_CT,3,55,22,0,0,2020,2050,55,0.95,0,2020,7.797,25845.375,7.430545313,0,0,100,0.08,0.031,0,0,0,0,969,31
19,113_Gas_CT_2,113,Arne,Gas_CT,3,55,22,0,0,2020,2050,55,0.95,0,2020,7.797,25845.375,7.430545313,0,0,100,0.08,0.031,0,0,0,0,969,31
20,113_Gas_CT_3,113,Arne,Gas_CT,3,55,22,0,0,2020,2050,55,0.95,0,2020,7.797,25845.375,7.430545313,0,0,100,0.08,0.031,0,0,0,0,969,31
21,113_Gas_CT_4,113,Arne,Gas_CT,3,55,22,0,0,2020,2050,55,0.95,0,2020,7.797,25845.375,7.430545313,0,0,100,0.08,0.031,0,0,0,0,969,31
22,113_PV_1,113,Arne,Solar,8,93.6,0,0,0,2020,2050,0,0.28,0,2020,0,17230.25,0,0,0,20,0,0,0,0,0,0,0,0
23,115_Oil_ST_1,115,Arthur,Oil_ST,6,12,5,0,0,2020,2030,12,0.95,0,2020,12.913,32015.95828,1.076890625,0,0,100,0.04,0.02,0,0,0,0,2940,60
24,115_Oil_ST_2,115,Arthur,Oil_ST,6,12,5,0,0,2020,2030,12,0.95,0,2020,12.913,32015.95828,1.076890625,0,0,100,0.04,0.02,0,0,0,0,2940,60
25,115_Coal_1,115,Arthur,Coal,2,155,62,0,0,2020,2030,155,0.95,0,2020,12.796,85074.35938,9.368948438,0,0,100,0.04,0.04,0,0,0,0,960,40
26,116_Coal_1,116,Asser,Coal,2,155,62,0,0,2020,2030,155,0.95,0,2020,11.294,85074.35938,9.368948438,0,0,100,0.04,0.04,0,0,0,0,960,40
27,118_Gas_CC_1,118,Astor,Gas_CC,4,355,170,0,0,2020,2045,355,0.95,0,2020,8.351,32306.71875,2.046092188,0,0,100,0.05,0.033,0,0,0,0,967,33
28,119_PV_1,119,Attar,Solar,8,66.6,0,0,0,2020,2050,0,0.28,0,2020,0,17230.25,0,0,0,20,0,0,0,0,0,0,0,0
29,121_Nuclear_1,121,Attlee,Nuclear,1,400,396,0,0,2020,2055,0,0.95,0,2020,10,188455.8594,3.01529375,0,0,100,0,0.12,0,0,0,0,1100,150
30,122_Hydro_1,122,Aubrey,Hydro,11,50,0,0,0,2020,2050,0,0.95,0,2020,3.412,69997.89063,0,0,0,30,1,0.01,0,0,0,0,1980,20
31,122_Hydro_2,122,Aubrey,Hydro,11,50,0,0,0,2020,2050,0,0.95,0,2020,3.412,69997.89063,0,0,0,30,1,0.01,0,0,0,0,1980,20
32,122_Hydro_3,122,Aubrey,Hydro,11,50,0,0,0,2020,2050,0,0.95,0,2020,3.412,69997.89063,0,0,0,30,1,0.01,0,0,0,0,1980,20
33,122_Hydro_4,122,Aubrey,Hydro,11,50,0,0,0,2020,2050,0,0.95,0,2020,3.412,69997.89063,0,0,0,30,1,0.01,0,0,0,0,1980,20
34,122_Hydro_5,122,Aubrey,Hydro,11,50,0,0,0,2020,2050,0,0.95,0,2020,3.412,69997.89063,0,0,0,30,1,0.01,0,0,0,0,1980,20
35,122_Hydro_6,122,Aubrey,Hydro,11,50,0,0,0,2020,2050,0,0.95,0,2020,3.412,69997.89063,0,0,0,30,1,0.01,0,0,0,0,1980,20
36,122_Wind_1,122,Aubrey,Wind,7,713.5,0,0,0,2020,2050,0,0.39,0,2020,0,30152.9375,0,0,0,100,0,0,0,0,0,0,0,0
37,123_Coal_1,123,Austen,Coal,2,155,62,0,0,2020,2030,155,0.95,0,2020,13.357,85074.35938,9.368948438,0,0,100,0.04,0.04,0,0,0,0,960,40
38,123_Coal_2,123,Austen,Coal,2,350,140,0,0,2020,2030,350,0.95,0,2020,13.357,85074.35938,9.368948438,0,0,100,0.04,0.08,0,0,0,0,1150,100
39,123_Gas_CT_1,123,Austen,Gas_CT,3,55,22,0,0,2020,2050,55,0.95,0,2020,7.998,25845.375,7.430545313,0,0,100,0.08,0.031,0,0,0,0,969,31
40,123_Gas_CT_2,123,Austen,Gas_CT,3,55,22,0,0,2020,2050,55,0.95,0,2020,7.998,25845.375,7.430545313,0,0,100,0.08,0.031,0,0,0,0,969,31
41,123_Gas_CT_3,123,Austen,Gas_CT,3,55,22,0,0,2020,2050,55,0.95,0,2020,7.998,25845.375,7.430545313,0,0,100,0.08,0.031,0,0,0,0,969,31
42,201_Oil_CT_1,201,Bach,Oil_CT,5,20,8,0,0,2020,2030,20,0.95,0,2020,10.782,16821.03156,4.630629688,0,0,100,0.04,0.1,0,0,0,0,450,50
43,201_Oil_CT_2,201,Bach,Oil_CT,5,20,8,0,0,2020,2030,20,0.95,0,2020,10.782,16821.03156,4.630629688,0,0,100,0.04,0.1,0,0,0,0,450,50
44,201_Coal_1,201,Bach,Coal,2,76,30,0,0,2020,2030,76,0.95,0,2020,12.185,85074.35938,9.368948438,0,0,100,0.04,0.02,0,0,0,0,1960,40
45,201_Hydro_1,201,Bach,Hydro,11,50,0,0,0,2020,2050,0,0.95,0,2020,3.412,69997.89063,0,0,0,30,1,0.01,0,0,0,0,1980,20
46,202_Oil_CT_1,202,Bacon,Oil_CT,5,20,8,0,0,2020,2030,20,0.95,0,2020,9.454,16821.03156,4.630629688,0,0,100,0.04,0.1,0,0,0,0,450,50
47,202_Oil_CT_2,202,Bacon,Oil_CT,5,20,8,0,0,2020,2030,20,0.95,0,2020,9.454,16821.03156,4.630629688,0,0,100,0.04,0.1,0,0,0,0,450,50
48,202_Coal_1,202,Bacon,Coal,2,76,30,0,0,2020,2040,76,0.95,0,2020,12.902,85074.35938,9.368948438,0,0,100,0.04,0.02,0,0,0,0,1960,40
49,202_Coal_2,202,Bacon,Coal,2,76,30,0,0,2020,2040,76,0.95,0,2020,12.902,85074.35938,9.368948438,0,0,100,0.04,0.02,0,0,0,0,1960,40
50,207_Gas_CT_1,207,Baker,Gas_CT,3,55,22,0,0,2020,2050,55,0.95,0,2020,10.955,25845.375,7.430545313,0,0,100,0.08,0.031,0,0,0,0,969,31
51,207_Gas_CT_2,207,Baker,Gas_CT,3,55,22,0,0,2020,2050,55,0.95,0,2020,10.955,25845.375,7.430545313,0,0,100,0.08,0.031,0,0,0,0,969,31
52,213_Gas_CC_1,213,Barlow,Gas_CC,4,355,170,0,0,2020,2040,355,0.95,0,2020,8.749,32306.71875,2.046092188,0,0,100,0.05,0.033,0,0,0,0,967,33
53,213_Gas_CT_1,213,Barlow,Gas_CT,3,55,22,0,0,2020,2050,55,0.95,0,2020,7.797,25845.375,7.430545313,0,0,100,0.08,0.031,0,0,0,0,969,31
54,213_Gas_CT_2,213,Barlow,Gas_CT,3,55,22,0,0,2020,2050,55,0.95,0,2020,7.797,25845.375,7.430545313,0,0,100,0.08,0.031,0,0,0,0,969,31
55,215_Gas_CT_1,215,Barton,Gas_CT,3,55,22,0,0,2020,2050,55,0.95,0,2020,8.421,25845.375,7.430545313,0,0,100,0.08,0.031,0,0,0,0,969,31
56,215_Gas_CT_1,215,Barton,Gas_CT,3,55,22,0,0,2020,2050,55,0.95,0,2020,8.421,25845.375,7.430545313,0,0,100,0.08,0.031,0,0,0,0,969,31
57,215_Hydro_1,215,Barton,Hydro,11,50,0,0,0,2020,2050,0,0.95,0,2020,3.412,69997.89063,0,0,0,30,1,0.01,0,0,0,0,1980,20
58,215_Hydro_2,215,Barton,Hydro,11,50,0,0,0,2020,2050,0,0.95,0,2020,3.412,69997.89063,0,0,0,30,1,0.01,0,0,0,0,1980,20
59,215_Hydro_3,215,Barton,Hydro,11,50,0,0,0,2020,2050,0,0.95,0,2020,3.412,69997.89063,0,0,0,30,1,0.01,0,0,0,0,1980,20
60,215_PV_1,215,Barton,Solar,8,125.1,0,0,0,2020,2050,0,0.28,0,2020,0,17230.25,0,0,0,20,0,0,0,0,0,0,0,0
61,216_Coal_1,216,Basov,Coal,2,155,62,0,0,2020,2040,155,0.95,0,2020,11.191,85074.35938,9.368948438,0,0,100,0.04,0.04,0,0,0,0,960,40
62,218_Gas_CC_1,218,Bayle,Gas_CC,4,355,170,0,0,2020,2040,355,0.95,0,2020,7.658,32306.71875,2.046092188,0,0,100,0.05,0.033,0,0,0,0,967,33
63,221_Gas_CC_1,221,Behring,Gas_CC,4,355,170,0,0,2020,2045,355,0.95,0,2020,9.293,32306.71875,2.046092188,0,0,100,0.05,0.033,0,0,0,0,967,33
64,222_Hydro_1,222,Bell,Hydro,11,50,0,0,0,2020,2050,0,0.95,0,2020,3.412,69997.89063,0,0,0,30,1,0.01,0,0,0,0,1980,20
65,222_Hydro_2,222,Bell,Hydro,11,50,0,0,0,2020,2050,0,0.95,0,2020,3.412,69997.89063,0,0,0,30,1,0.01,0,0,0,0,1980,20
66,222_Hydro_3,222,Bell,Hydro,11,50,0,0,0,2020,2050,0,0.95,0,2020,3.412,69997.89063,0,0,0,30,1,0.01,0,0,0,0,1980,20
67,222_Hydro_4,222,Bell,Hydro,11,50,0,0,0,2020,2050,0,0.95,0,2020,3.412,69997.89063,0,0,0,30,1,0.01,0,0,0,0,1980,20
68,222_Hydro_5,222,Bell,Hydro,11,50,0,0,0,2020,2050,0,0.95,0,2020,3.412,69997.89063,0,0,0,30,1,0.01,0,0,0,0,1980,20
69,222_Hydro_6,222,Bell,Hydro,11,50,0,0,0,2020,2050,0,0.95,0,2020,3.412,69997.89063,0,0,0,30,1,0.01,0,0,0,0,1980,20
70,223_Coal_1,223,Bloch,Coal,2,155,62,0,0,2020,2030,155,0.95,0,2020,10.321,85074.35938,9.368948438,0,0,100,0.04,0.04,0,0,0,0,960,40
71,223_Coal_2,223,Bloch,Coal,2,155,62,0,0,2020,2030,155,0.95,0,2020,10.321,85074.35938,9.368948438,0,0,100,0.04,0.04,0,0,0,0,960,40
72,223_Coal_3,223,Bloch,Coal,2,350,140,0,0,2020,2030,350,0.95,0,2020,10.321,85074.35938,9.368948438,0,0,100,0.04,0.08,0,0,0,0,1150,100
73,223_Gas_CT_1,223,Bloch,Gas_CT,3,55,22,0,0,2020,2050,55,0.95,0,2020,10.676,25845.375,7.430545313,0,0,100,0.08,0.031,0,0,0,0,969,31
74,223_Gas_CT_2,223,Bloch,Gas_CT,3,55,22,0,0,2020,2050,55,0.95,0,2020,10.676,25845.375,7.430545313,0,0,100,0.08,0.031,0,0,0,0,969,31
75,223_Gas_CT_3,223,Bloch,Gas_CT,3,55,22,0,0,2020,2050,55,0.95,0,2020,10.676,25845.375,7.430545313,0,0,100,0.08,0.031,0,0,0,0,969,31
76,301_Oil_CT_1,301,Cabell,Oil_CT,5,20,8,0,0,2020,2030,20,0.95,0,2020,10.181,16821.03156,4.630629688,0,0,100,0.04,0.1,0,0,0,0,450,50
77,301_Oil_CT_2,301,Cabell,Oil_CT,5,20,8,0,0,2020,2030,20,0.95,0,2020,10.181,16821.03156,4.630629688,0,0,100,0.04,0.1,0,0,0,0,450,50
78,301_Gas_CT_1,301,Cabell,Gas_CT,3,55,22,0,0,2020,2050,55,0.95,0,2020,11.253,25845.375,7.430545313,0,0,100,0.08,0.031,0,0,0,0,969,31
79,301_Gas_CT_2,301,Cabell,Gas_CT,3,55,22,0,0,2020,2050,55,0.95,0,2020,11.253,25845.375,7.430545313,0,0,100,0.08,0.031,0,0,0,0,969,31
80,302_Oil_CT_1,302,Cabot,Oil_CT,5,20,8,0,0,2020,2030,20,0.95,0,2020,10.181,16821.03156,4.630629688,0,0,100,0.04,0.1,0,0,0,0,450,50
81,302_Oil_CT_2,302,Cabot,Oil_CT,5,20,8,0,0,2020,2030,20,0.95,0,2020,10.181,16821.03156,4.630629688,0,0,100,0.04,0.1,0,0,0,0,450,50
82,302_Gas_CT_1,302,Cabot,Gas_CT,3,55,22,0,0,2020,2050,55,0.95,0,2020,9.939,25845.375,7.430545313,0,0,100,0.08,0.031,0,0,0,0,969,31
83,302_Gas_CT_2,302,Cabot,Gas_CT,3,55,22,0,0,2020,2050,55,0.95,0,2020,9.939,25845.375,7.430545313,0,0,100,0.08,0.031,0,0,0,0,969,31
84,303_Wind_1,303,Caesar,Wind,7,847,0,0,0,2020,2050,0,0.39,0,2020,0,30152.9375,0,0,0,100,0,0,0,0,0,0,0,0
85,307_Gas_CT_1,307,Carew,Gas_CT,3,55,22,0,0,2020,2050,55,0.95,0,2020,9.126,25845.375,7.430545313,0,0,100,0.08,0.031,0,0,0,0,969,31
86,307_Gas_CT_2,307,Carew,Gas_CT,3,55,22,0,0,2020,2050,55,0.95,0,2020,9.126,25845.375,7.430545313,0,0,100,0.08,0.031,0,0,0,0,969,31
87,309_Wind_1,309,Carter,Wind,7,148.3,0,0,0,2020,2050,0,0.39,0,2020,0,30152.9375,0,0,0,100,0,0,0,0,0,0,0,0
88,310_PV_1,310,Caruso,Solar,8,51.7,0,0,0,2020,2050,0,0.28,0,2020,0,17230.25,0,0,0,20,0,0,0,0,0,0,0,0
89,310_PV_2,310,Caruso,Solar,8,51.6,0,0,0,2020,2050,0,0.28,0,2020,0,17230.25,0,0,0,20,0,0,0,0,0,0,0,0
90,312_PV_1,312,Caxton,Solar,8,94.1,0,0,0,2020,2050,0,0.28,0,2020,0,17230.25,0,0,0,20,0,0,0,0,0,0,0,0
91,313_Gas_CC_1,313,Cecil,Gas_CC,4,355,170,0,0,2020,2040,355,0.95,0,2020,8.683,32306.71875,2.046092188,0,0,100,0.05,0.033,0,0,0,0,967,33
92,313_PV_1,313,Cecil,Solar,8,95.1,0,0,0,2020,2050,0,0.28,0,2020,0,17230.25,0,0,0,20,0,0,0,0,0,0,0,0
93,313_PV_2,313,Cecil,Solar,8,93.3,0,0,0,2020,2050,0,0.28,0,2020,0,17230.25,0,0,0,20,0,0,0,0,0,0,0,0
94,313_ES_1,313,Cecil,ES,10,50,0,0,0,2020,2050,0,0.95,0,2020,0,23691.59375,0,0,0,30,1,0,0,0,0,0,0,0
95,314_PV_1,314,Chain,Solar,8,51.6,0,0,0,2020,2050,0,0.28,0,2020,0,17230.25,0,0,0,20,0,0,0,0,0,0,0,0
96,314_PV_2,314,Chain,Solar,8,51.6,0,0,0,2020,2050,0,0.28,0,2020,0,17230.25,0,0,0,20,0,0,0,0,0,0,0,0
97,314_PV_3,314,Chain,Solar,8,92.7,0,0,0,2020,2050,0,0.28,0,2020,0,17230.25,0,0,0,20,0,0,0,0,0,0,0,0
98,314_PV_4,314,Chain,Solar,8,51.6,0,0,0,2020,2050,0,0.28,0,2020,0,17230.25,0,0,0,20,0,0,0,0,0,0,0,0
99,315_Oil_ST_1,315,Chase,Oil_ST,6,12,5,0,0,2020,2030,12,0.95,0,2020,11.991,32015.95828,1.076890625,0,0,100,0.04,0.02,0,0,0,0,2940,60
100,315_Oil_ST_2,315,Chase,Oil_ST,6,12,5,0,0,2020,2030,12,0.95,0,2020,11.991,32015.95828,1.076890625,0,0,100,0.04,0.02,0,0,0,0,2940,60
101,315_Oil_ST_3,315,Chase,Oil_ST,6,12,5,0,0,2020,2030,12,0.95,0,2020,11.991,32015.95828,1.076890625,0,0,100,0.04,0.02,0,0,0,0,2940,60
102,315_Oil_ST_4,315,Chase,Oil_ST,6,12,5,0,0,2020,2030,12,0.95,0,2020,11.991,32015.95828,1.076890625,0,0,100,0.04,0.02,0,0,0,0,2940,60
103,315_Oil_ST_5,315,Chase,Oil_ST,6,12,5,0,0,2020,2030,12,0.95,0,2020,11.991,32015.95828,1.076890625,0,0,100,0.04,0.02,0,0,0,0,2940,60
104,315_Gas_CT_1,315,Chase,Gas_CT,3,55,22,0,0,2020,2050,55,0.95,0,2020,8.195,25845.375,7.430545313,0,0,100,0.08,0.031,0,0,0,0,969,31
105,315_Gas_CT_2,315,Chase,Gas_CT,3,55,22,0,0,2020,2050,55,0.95,0,2020,8.195,25845.375,7.430545313,0,0,100,0.08,0.031,0,0,0,0,969,31
106,315_Gas_CT_3,315,Chase,Gas_CT,3,55,22,0,0,2020,2050,55,0.95,0,2020,8.195,25845.375,7.430545313,0,0,100,0.08,0.031,0,0,0,0,969,31
107,316_Coal_1,316,Chifa,Coal,2,155,62,0,0,2020,2040,155,0.95,0,2020,12.902,85074.35938,9.368948438,0,0,100,0.04,0.04,0,0,0,0,960,40
108,317_Wind_1,317,Chuhsi,Wind,7,799.1,0,0,0,2020,2050,0,0.39,0,2020,0,30152.9375,0,0,0,100,0,0,0,0,0,0,0,0
109,318_Gas_CC_1,318,Clark,Gas_CC,4,355,170,0,0,2020,2040,355,0.95,0,2020,8.111,32306.71875,2.046092188,0,0,100,0.05,0.033,0,0,0,0,967,33
110,319_PV_1,319,Clay,Solar,8,188.2,0,0,0,2020,2050,0,0.28,0,2020,0,17230.25,0,0,0,20,0,0,0,0,0,0,0,0
111,320_PV_1,320,Clive,Solar,8,51.6,0,0,0,2020,2050,0,0.28,0,2020,0,17230.25,0,0,0,20,0,0,0,0,0,0,0,0
112,321_Gas_CC_1,321,Cobb,Gas_CC,4,355,170,0,0,2020,2040,355,0.95,0,2020,8.733,32306.71875,2.046092188,0,0,100,0.05,0.033,0,0,0,0,967,33
113,322_Gas_CT_1,322,Cole,Gas_CT,3,55,22,0,0,2020,2050,55,0.95,0,2020,7.176,25845.375,7.430545313,0,0,100,0.08,0.031,0,0,0,0,969,31
114,322_Gas_CT_2,322,Cole,Gas_CT,3,55,22,0,0,2020,2050,55,0.95,0,2020,7.176,25845.375,7.430545313,0,0,100,0.08,0.031,0,0,0,0,969,31
115,322_Hydro_1,322,Cole,Hydro,11,50,0,0,0,2020,2050,0,0.95,0,2020,3.412,69997.89063,0,0,0,30,1,0.01,0,0,0,0,1980,20
116,322_Hydro_2,322,Cole,Hydro,11,50,0,0,0,2020,2050,0,0.95,0,2020,3.412,69997.89063,0,0,0,30,1,0.01,0,0,0,0,1980,20
117,322_Hydro_3,322,Cole,Hydro,11,50,0,0,0,2020,2050,0,0.95,0,2020,3.412,69997.89063,0,0,0,30,1,0.01,0,0,0,0,1980,20
118,322_Hydro_4,322,Cole,Hydro,11,50,0,0,0,2020,2050,0,0.95,0,2020,3.412,69997.89063,0,0,0,30,1,0.01,0,0,0,0,1980,20
119,323_Gas_CC_1,323,Comte,Gas_CC,4,355,170,0,0,2020,2045,355,0.95,0,2020,8.162,32306.71875,2.046092188,0,0,100,0.05,0.033,0,0,0,0,967,33
120,323_Gas_CC_2,323,Comte,Gas_CC,4,355,170,0,0,2020,2045,355,0.95,0,2020,8.162,32306.71875,2.046092188,0,0,100,0.05,0.033,0,0,0,0,967,33
121,324_PV_1,324,Curie,Solar,8,49.7,0,0,0,2020,2050,0,0.28,0,2020,0,17230.25,0,0,0,20,0,0,0,0,0,0,0,0
122,324_PV_2,324,Curie,Solar,8,51.6,0,0,0,2020,2050,0,0.28,0,2020,0,17230.25,0,0,0,20,0,0,0,0,0,0,0,0
123,324_PV_3,324,Curie,Solar,8,51,0,0,0,2020,2050,0,0.28,0,2020,0,17230.25,0,0,0,20,0,0,0,0,0,0,0,0
124,101_Solar_Cand,101,Abel,Solar_Cand,16,0,0,100,500,0,0,0,0.28,0,2020,0,17230.25,0,26,0,20,0,0,0,0,0,0,0,0
125,102_Solar_Cand,102,Adams,Solar_Cand,16,0,0,100,500,0,0,0,0.28,0,2020,0,17230.25,0,26,0,20,0,0,0,0,0,0,0,0
126,103_Solar_Cand,103,Adler,Solar_Cand,16,0,0,100,500,0,0,0,0.28,0,2020,0,17230.25,0,26,0,20,0,0,0,0,0,0,0,0
127,104_Solar_Cand,104,Agricola,Solar_Cand,16,0,0,100,500,0,0,0,0.28,0,2020,0,17230.25,0,26,0,20,0,0,0,0,0,0,0,0
128,105_Solar_Cand,105,Aiken,Solar_Cand,16,0,0,100,500,0,0,0,0.28,0,2020,0,17230.25,0,26,0,20,0,0,0,0,0,0,0,0
129,106_Solar_Cand,106,Alber,Solar_Cand,16,0,0,100,500,0,0,0,0.28,0,2020,0,17230.25,0,26,0,20,0,0,0,0,0,0,0,0
130,107_Solar_Cand,107,Alder,Solar_Cand,16,0,0,100,500,0,0,0,0.28,0,2020,0,17230.25,0,26,0,20,0,0,0,0,0,0,0,0
131,108_Solar_Cand,108,Alger,Solar_Cand,16,0,0,100,500,0,0,0,0.28,0,2020,0,17230.25,0,26,0,20,0,0,0,0,0,0,0,0
132,109_Solar_Cand,109,Ali,Solar_Cand,16,0,0,100,500,0,0,0,0.28,0,2020,0,17230.25,0,26,0,20,0,0,0,0,0,0,0,0
133,110_Solar_Cand,110,Allen,Solar_Cand,16,0,0,100,500,0,0,0,0.28,0,2020,0,17230.25,0,26,0,20,0,0,0,0,0,0,0,0
134,111_Solar_Cand,111,Anna,Solar_Cand,16,0,0,100,500,0,0,0,0.28,0,2020,0,17230.25,0,26,0,20,0,0,0,0,0,0,0,0
135,112_Solar_Cand,112,Archer,Solar_Cand,16,0,0,100,500,0,0,0,0.28,0,2020,0,17230.25,0,26,0,20,0,0,0,0,0,0,0,0
136,113_Solar_Cand,113,Arne,Solar_Cand,16,0,0,100,500,0,0,0,0.28,0,2020,0,17230.25,0,26,0,20,0,0,0,0,0,0,0,0
137,114_Solar_Cand,114,Arnold,Solar_Cand,16,0,0,100,500,0,0,0,0.28,0,2020,0,17230.25,0,26,0,20,0,0,0,0,0,0,0,0
138,115_Solar_Cand,115,Arthur,Solar_Cand,16,0,0,100,500,0,0,0,0.28,0,2020,0,17230.25,0,26,0,20,0,0,0,0,0,0,0,0
139,116_Solar_Cand,116,Asser,Solar_Cand,16,0,0,100,500,0,0,0,0.28,0,2020,0,17230.25,0,26,0,20,0,0,0,0,0,0,0,0
140,117_Solar_Cand,117,Aston,Solar_Cand,16,0,0,100,500,0,0,0,0.28,0,2020,0,17230.25,0,26,0,20,0,0,0,0,0,0,0,0
141,118_Solar_Cand,118,Astor,Solar_Cand,16,0,0,100,500,0,0,0,0.28,0,2020,0,17230.25,0,26,0,20,0,0,0,0,0,0,0,0
142,119_Solar_Cand,119,Attar,Solar_Cand,16,0,0,100,500,0,0,0,0.28,0,2020,0,17230.25,0,26,0,20,0,0,0,0,0,0,0,0
143,120_Solar_Cand,120,Attila,Solar_Cand,16,0,0,100,500,0,0,0,0.28,0,2020,0,17230.25,0,26,0,20,0,0,0,0,0,0,0,0
144,121_Solar_Cand,121,Attlee,Solar_Cand,16,0,0,100,500,0,0,0,0.28,0,2020,0,17230.25,0,26,0,20,0,0,0,0,0,0,0,0
145,122_Solar_Cand,122,Aubrey,Solar_Cand,16,0,0,100,500,0,0,0,0.28,0,2020,0,17230.25,0,26,0,20,0,0,0,0,0,0,0,0
146,123_Solar_Cand,123,Austen,Solar_Cand,16,0,0,100,500,0,0,0,0.28,0,2020,0,17230.25,0,26,0,20,0,0,0,0,0,0,0,0
147,124_Solar_Cand,124,Avery,Solar_Cand,16,0,0,100,500,0,0,0,0.28,0,2020,0,17230.25,0,26,0,20,0,0,0,0,0,0,0,0
148,201_Solar_Cand,201,Bach,Solar_Cand,16,0,0,100,500,0,0,0,0.28,0,2020,0,17230.25,0,26,0,20,0,0,0,0,0,0,0,0
149,202_Solar_Cand,202,Bacon,Solar_Cand,16,0,0,100,500,0,0,0,0.28,0,2020,0,17230.25,0,26,0,20,0,0,0,0,0,0,0,0
150,203_Solar_Cand,203,Baffin,Solar_Cand,16,0,0,100,500,0,0,0,0.28,0,2020,0,17230.25,0,26,0,20,0,0,0,0,0,0,0,0
151,204_Solar_Cand,204,Bailey,Solar_Cand,16,0,0,100,500,0,0,0,0.28,0,2020,0,17230.25,0,26,0,20,0,0,0,0,0,0,0,0
152,205_Solar_Cand,205,Bain,Solar_Cand,16,0,0,100,500,0,0,0,0.28,0,2020,0,17230.25,0,26,0,20,0,0,0,0,0,0,0,0
153,206_Solar_Cand,206,Bajer,Solar_Cand,16,0,0,100,500,0,0,0,0.28,0,2020,0,17230.25,0,26,0,20,0,0,0,0,0,0,0,0
154,207_Solar_Cand,207,Baker,Solar_Cand,16,0,0,100,500,0,0,0,0.28,0,2020,0,17230.25,0,26,0,20,0,0,0,0,0,0,0,0
155,208_Solar_Cand,208,Balch,Solar_Cand,16,0,0,100,500,0,0,0,0.28,0,2020,0,17230.25,0,26,0,20,0,0,0,0,0,0,0,0
156,209_Solar_Cand,209,Balzac,Solar_Cand,16,0,0,100,500,0,0,0,0.28,0,2020,0,17230.25,0,26,0,20,0,0,0,0,0,0,0,0
157,210_Solar_Cand,210,Banks,Solar_Cand,16,0,0,100,500,0,0,0,0.28,0,2020,0,17230.25,0,26,0,20,0,0,0,0,0,0,0,0
158,211_Solar_Cand,211,Bardeen,Solar_Cand,16,0,0,100,500,0,0,0,0.28,0,2020,0,17230.25,0,26,0,20,0,0,0,0,0,0,0,0
159,212_Solar_Cand,212,Barkla,Solar_Cand,16,0,0,100,500,0,0,0,0.28,0,2020,0,17230.25,0,26,0,20,0,0,0,0,0,0,0,0
160,213_Solar_Cand,213,Barlow,Solar_Cand,16,0,0,100,500,0,0,0,0.28,0,2020,0,17230.25,0,26,0,20,0,0,0,0,0,0,0,0
161,214_Solar_Cand,214,Barry,Solar_Cand,16,0,0,100,500,0,0,0,0.28,0,2020,0,17230.25,0,26,0,20,0,0,0,0,0,0,0,0
162,215_Solar_Cand,215,Barton,Solar_Cand,16,0,0,100,500,0,0,0,0.28,0,2020,0,17230.25,0,26,0,20,0,0,0,0,0,0,0,0
163,216_Solar_Cand,216,Basov,Solar_Cand,16,0,0,100,500,0,0,0,0.28,0,2020,0,17230.25,0,26,0,20,0,0,0,0,0,0,0,0
164,217_Solar_Cand,217,Bates,Solar_Cand,16,0,0,100,500,0,0,0,0.28,0,2020,0,17230.25,0,26,0,20,0,0,0,0,0,0,0,0
165,218_Solar_Cand,218,Bayle,Solar_Cand,16,0,0,100,500,0,0,0,0.28,0,2020,0,17230.25,0,26,0,20,0,0,0,0,0,0,0,0
166,219_Solar_Cand,219,Bede,Solar_Cand,16,0,0,100,500,0,0,0,0.28,0,2020,0,17230.25,0,26,0,20,0,0,0,0,0,0,0,0
167,220_Solar_Cand,220,Beethoven,Solar_Cand,16,0,0,100,500,0,0,0,0.28,0,2020,0,17230.25,0,26,0,20,0,0,0,0,0,0,0,0
168,221_Solar_Cand,221,Behring,Solar_Cand,16,0,0,100,500,0,0,0,0.28,0,2020,0,17230.25,0,26,0,20,0,0,0,0,0,0,0,0
169,222_Solar_Cand,222,Bell,Solar_Cand,16,0,0,100,500,0,0,0,0.28,0,2020,0,17230.25,0,26,0,20,0,0,0,0,0,0,0,0
170,223_Solar_Cand,223,Bloch,Solar_Cand,16,0,0,100,500,0,0,0,0.28,0,2020,0,17230.25,0,26,0,20,0,0,0,0,0,0,0,0
171,224_Solar_Cand,224,Bordet,Solar_Cand,16,0,0,100,500,0,0,0,0.28,0,2020,0,17230.25,0,26,0,20,0,0,0,0,0,0,0,0
172,301_Solar_Cand,301,Cabell,Solar_Cand,16,0,0,100,500,0,0,0,0.28,0,2020,0,17230.25,0,26,0,20,0,0,0,0,0,0,0,0
173,302_Solar_Cand,302,Cabot,Solar_Cand,16,0,0,100,500,0,0,0,0.28,0,2020,0,17230.25,0,26,0,20,0,0,0,0,0,0,0,0
174,303_Solar_Cand,303,Caesar,Solar_Cand,16,0,0,100,500,0,0,0,0.28,0,2020,0,17230.25,0,26,0,20,0,0,0,0,0,0,0,0
175,304_Solar_Cand,304,Caine,Solar_Cand,16,0,0,100,500,0,0,0,0.28,0,2020,0,17230.25,0,26,0,20,0,0,0,0,0,0,0,0
176,305_Solar_Cand,305,Calvin,Solar_Cand,16,0,0,100,500,0,0,0,0.28,0,2020,0,17230.25,0,26,0,20,0,0,0,0,0,0,0,0
177,306_Solar_Cand,306,Camus,Solar_Cand,16,0,0,100,500,0,0,0,0.28,0,2020,0,17230.25,0,26,0,20,0,0,0,0,0,0,0,0
178,307_Solar_Cand,307,Carew,Solar_Cand,16,0,0,100,500,0,0,0,0.28,0,2020,0,17230.25,0,26,0,20,0,0,0,0,0,0,0,0
179,308_Solar_Cand,308,Carrel,Solar_Cand,16,0,0,100,500,0,0,0,0.28,0,2020,0,17230.25,0,26,0,20,0,0,0,0,0,0,0,0
180,309_Solar_Cand,309,Carter,Solar_Cand,16,0,0,100,500,0,0,0,0.28,0,2020,0,17230.25,0,26,0,20,0,0,0,0,0,0,0,0
181,310_Solar_Cand,310,Caruso,Solar_Cand,16,0,0,100,500,0,0,0,0.28,0,2020,0,17230.25,0,26,0,20,0,0,0,0,0,0,0,0
182,311_Solar_Cand,311,Cary,Solar_Cand,16,0,0,100,500,0,0,0,0.28,0,2020,0,17230.25,0,26,0,20,0,0,0,0,0,0,0,0
183,312_Solar_Cand,312,Caxton,Solar_Cand,16,0,0,100,500,0,0,0,0.28,0,2020,0,17230.25,0,26,0,20,0,0,0,0,0,0,0,0
184,313_Solar_Cand,313,Cecil,Solar_Cand,16,0,0,100,500,0,0,0,0.28,0,2020,0,17230.25,0,26,0,20,0,0,0,0,0,0,0,0
185,314_Solar_Cand,314,Chain,Solar_Cand,16,0,0,100,500,0,0,0,0.28,0,2020,0,17230.25,0,26,0,20,0,0,0,0,0,0,0,0
186,315_Solar_Cand,315,Chase,Solar_Cand,16,0,0,100,500,0,0,0,0.28,0,2020,0,17230.25,0,26,0,20,0,0,0,0,0,0,0,0
187,316_Solar_Cand,316,Chifa,Solar_Cand,16,0,0,100,500,0,0,0,0.28,0,2020,0,17230.25,0,26,0,20,0,0,0,0,0,0,0,0
188,317_Solar_Cand,317,Chuhsi,Solar_Cand,16,0,0,100,500,0,0,0,0.28,0,2020,0,17230.25,0,26,0,20,0,0,0,0,0,0,0,0
189,318_Solar_Cand,318,Clark,Solar_Cand,16,0,0,100,500,0,0,0,0.28,0,2020,0,17230.25,0,26,0,20,0,0,0,0,0,0,0,0
190,319_Solar_Cand,319,Clay,Solar_Cand,16,0,0,100,500,0,0,0,0.28,0,2020,0,17230.25,0,26,0,20,0,0,0,0,0,0,0,0
191,320_Solar_Cand,320,Clive,Solar_Cand,16,0,0,100,500,0,0,0,0.28,0,2020,0,17230.25,0,26,0,20,0,0,0,0,0,0,0,0
192,321_Solar_Cand,321,Cobb,Solar_Cand,16,0,0,100,500,0,0,0,0.28,0,2020,0,17230.25,0,26,0,20,0,0,0,0,0,0,0,0
193,322_Solar_Cand,322,Cole,Solar_Cand,16,0,0,100,500,0,0,0,0.28,0,2020,0,17230.25,0,26,0,20,0,0,0,0,0,0,0,0
194,323_Solar_Cand,323,Comte,Solar_Cand,16,0,0,100,500,0,0,0,0.28,0,2020,0,17230.25,0,26,0,20,0,0,0,0,0,0,0,0
195,324_Solar_Cand,324,Curie,Solar_Cand,16,0,0,100,500,0,0,0,0.28,0,2020,0,17230.25,0,26,0,20,0,0,0,0,0,0,0,0
196,325_Solar_Cand,325,Curtiss,Solar_Cand,16,0,0,100,500,0,0,0,0.28,0,2020,0,17230.25,0,26,0,20,0,0,0,0,0,0,0,0
197,101_Wind_Cand,101,Abel,Wind_Cand,15,0,0,100,500,0,0,0,0.39,0,2020,0,30152.9375,0,26,0,20,0,0,0,0,0,0,0,0
198,102_Wind_Cand,102,Adams,Wind_Cand,15,0,0,100,500,0,0,0,0.39,0,2020,0,30152.9375,0,26,0,20,0,0,0,0,0,0,0,0
199,103_Wind_Cand,103,Adler,Wind_Cand,15,0,0,100,500,0,0,0,0.39,0,2020,0,30152.9375,0,26,0,20,0,0,0,0,0,0,0,0
200,104_Wind_Cand,104,Agricola,Wind_Cand,15,0,0,100,500,0,0,0,0.39,0,2020,0,30152.9375,0,26,0,20,0,0,0,0,0,0,0,0
201,105_Wind_Cand,105,Aiken,Wind_Cand,15,0,0,100,500,0,0,0,0.39,0,2020,0,30152.9375,0,26,0,20,0,0,0,0,0,0,0,0
202,106_Wind_Cand,106,Alber,Wind_Cand,15,0,0,100,500,0,0,0,0.39,0,2020,0,30152.9375,0,26,0,20,0,0,0,0,0,0,0,0
203,107_Wind_Cand,107,Alder,Wind_Cand,15,0,0,100,500,0,0,0,0.39,0,2020,0,30152.9375,0,26,0,20,0,0,0,0,0,0,0,0
204,108_Wind_Cand,108,Alger,Wind_Cand,15,0,0,100,500,0,0,0,0.39,0,2020,0,30152.9375,0,26,0,20,0,0,0,0,0,0,0,0
205,109_Wind_Cand,109,Ali,Wind_Cand,15,0,0,100,500,0,0,0,0.39,0,2020,0,30152.9375,0,26,0,20,0,0,0,0,0,0,0,0
206,110_Wind_Cand,110,Allen,Wind_Cand,15,0,0,100,500,0,0,0,0.39,0,2020,0,30152.9375,0,26,0,20,0,0,0,0,0,0,0,0
207,111_Wind_Cand,111,Anna,Wind_Cand,15,0,0,100,500,0,0,0,0.39,0,2020,0,30152.9375,0,26,0,20,0,0,0,0,0,0,0,0
208,112_Wind_Cand,112,Archer,Wind_Cand,15,0,0,100,500,0,0,0,0.39,0,2020,0,30152.9375,0,26,0,20,0,0,0,0,0,0,0,0
209,113_Wind_Cand,113,Arne,Wind_Cand,15,0,0,100,500,0,0,0,0.39,0,2020,0,30152.9375,0,26,0,20,0,0,0,0,0,0,0,0
210,114_Wind_Cand,114,Arnold,Wind_Cand,15,0,0,100,500,0,0,0,0.39,0,2020,0,30152.9375,0,26,0,20,0,0,0,0,0,0,0,0
211,115_Wind_Cand,115,Arthur,Wind_Cand,15,0,0,100,500,0,0,0,0.39,0,2020,0,30152.9375,0,26,0,20,0,0,0,0,0,0,0,0
212,116_Wind_Cand,116,Asser,Wind_Cand,15,0,0,100,500,0,0,0,0.39,0,2020,0,30152.9375,0,26,0,20,0,0,0,0,0,0,0,0
213,117_Wind_Cand,117,Aston,Wind_Cand,15,0,0,100,500,0,0,0,0.39,0,2020,0,30152.9375,0,26,0,20,0,0,0,0,0,0,0,0
214,118_Wind_Cand,118,Astor,Wind_Cand,15,0,0,100,500,0,0,0,0.39,0,2020,0,30152.9375,0,26,0,20,0,0,0,0,0,0,0,0
215,119_Wind_Cand,119,Attar,Wind_Cand,15,0,0,100,500,0,0,0,0.39,0,2020,0,30152.9375,0,26,0,20,0,0,0,0,0,0,0,0
216,120_Wind_Cand,120,Attila,Wind_Cand,15,0,0,100,500,0,0,0,0.39,0,2020,0,30152.9375,0,26,0,20,0,0,0,0,0,0,0,0
217,121_Wind_Cand,121,Attlee,Wind_Cand,15,0,0,100,500,0,0,0,0.39,0,2020,0,30152.9375,0,26,0,20,0,0,0,0,0,0,0,0
218,122_Wind_Cand,122,Aubrey,Wind_Cand,15,0,0,100,500,0,0,0,0.39,0,2020,0,30152.9375,0,26,0,20,0,0,0,0,0,0,0,0
219,123_Wind_Cand,123,Austen,Wind_Cand,15,0,0,100,500,0,0,0,0.39,0,2020,0,30152.9375,0,26,0,20,0,0,0,0,0,0,0,0
220,124_Wind_Cand,124,Avery,Wind_Cand,15,0,0,100,500,0,0,0,0.39,0,2020,0,30152.9375,0,26,0,20,0,0,0,0,0,0,0,0
221,201_Wind_Cand,201,Bach,Wind_Cand,15,0,0,100,500,0,0,0,0.39,0,2020,0,30152.9375,0,26,0,20,0,0,0,0,0,0,0,0
222,202_Wind_Cand,202,Bacon,Wind_Cand,15,0,0,100,500,0,0,0,0.39,0,2020,0,30152.9375,0,26,0,20,0,0,0,0,0,0,0,0
223,203_Wind_Cand,203,Baffin,Wind_Cand,15,0,0,100,500,0,0,0,0.39,0,2020,0,30152.9375,0,26,0,20,0,0,0,0,0,0,0,0
224,204_Wind_Cand,204,Bailey,Wind_Cand,15,0,0,100,500,0,0,0,0.39,0,2020,0,30152.9375,0,26,0,20,0,0,0,0,0,0,0,0
225,205_Wind_Cand,205,Bain,Wind_Cand,15,0,0,100,500,0,0,0,0.39,0,2020,0,30152.9375,0,26,0,20,0,0,0,0,0,0,0,0
226,206_Wind_Cand,206,Bajer,Wind_Cand,15,0,0,100,500,0,0,0,0.39,0,2020,0,30152.9375,0,26,0,20,0,0,0,0,0,0,0,0
227,207_Wind_Cand,207,Baker,Wind_Cand,15,0,0,100,500,0,0,0,0.39,0,2020,0,30152.9375,0,26,0,20,0,0,0,0,0,0,0,0
228,208_Wind_Cand,208,Balch,Wind_Cand,15,0,0,100,500,0,0,0,0.39,0,2020,0,30152.9375,0,26,0,20,0,0,0,0,0,0,0,0
229,209_Wind_Cand,209,Balzac,Wind_Cand,15,0,0,100,500,0,0,0,0.39,0,2020,0,30152.9375,0,26,0,20,0,0,0,0,0,0,0,0
230,210_Wind_Cand,210,Banks,Wind_Cand,15,0,0,100,500,0,0,0,0.39,0,2020,0,30152.9375,0,26,0,20,0,0,0,0,0,0,0,0
231,211_Wind_Cand,211,Bardeen,Wind_Cand,15,0,0,100,500,0,0,0,0.39,0,2020,0,30152.9375,0,26,0,20,0,0,0,0,0,0,0,0
232,212_Wind_Cand,212,Barkla,Wind_Cand,15,0,0,100,500,0,0,0,0.39,0,2020,0,30152.9375,0,26,0,20,0,0,0,0,0,0,0,0
233,213_Wind_Cand,213,Barlow,Wind_Cand,15,0,0,100,500,0,0,0,0.39,0,2020,0,30152.9375,0,26,0,20,0,0,0,0,0,0,0,0
234,214_Wind_Cand,214,Barry,Wind_Cand,15,0,0,100,500,0,0,0,0.39,0,2020,0,30152.9375,0,26,0,20,0,0,0,0,0,0,0,0
235,215_Wind_Cand,215,Barton,Wind_Cand,15,0,0,100,500,0,0,0,0.39,0,2020,0,30152.9375,0,26,0,20,0,0,0,0,0,0,0,0
236,216_Wind_Cand,216,Basov,Wind_Cand,15,0,0,100,500,0,0,0,0.39,0,2020,0,30152.9375,0,26,0,20,0,0,0,0,0,0,0,0
237,217_Wind_Cand,217,Bates,Wind_Cand,15,0,0,100,500,0,0,0,0.39,0,2020,0,30152.9375,0,26,0,20,0,0,0,0,0,0,0,0
238,218_Wind_Cand,218,Bayle,Wind_Cand,15,0,0,100,500,0,0,0,0.39,0,2020,0,30152.9375,0,26,0,20,0,0,0,0,0,0,0,0
239,219_Wind_Cand,219,Bede,Wind_Cand,15,0,0,100,500,0,0,0,0.39,0,2020,0,30152.9375,0,26,0,20,0,0,0,0,0,0,0,0
240,220_Wind_Cand,220,Beethoven,Wind_Cand,15,0,0,100,500,0,0,0,0.39,0,2020,0,30152.9375,0,26,0,20,0,0,0,0,0,0,0,0
241,221_Wind_Cand,221,Behring,Wind_Cand,15,0,0,100,500,0,0,0,0.39,0,2020,0,30152.9375,0,26,0,20,0,0,0,0,0,0,0,0
242,222_Wind_Cand,222,Bell,Wind_Cand,15,0,0,100,500,0,0,0,0.39,0,2020,0,30152.9375,0,26,0,20,0,0,0,0,0,0,0,0
243,223_Wind_Cand,223,Bloch,Wind_Cand,15,0,0,100,500,0,0,0,0.39,0,2020,0,30152.9375,0,26,0,20,0,0,0,0,0,0,0,0
244,224_Wind_Cand,224,Bordet,Wind_Cand,15,0,0,100,500,0,0,0,0.39,0,2020,0,30152.9375,0,26,0,20,0,0,0,0,0,0,0,0
245,301_Wind_Cand,301,Cabell,Wind_Cand,15,0,0,100,500,0,0,0,0.39,0,2020,0,30152.9375,0,26,0,20,0,0,0,0,0,0,0,0
246,302_Wind_Cand,302,Cabot,Wind_Cand,15,0,0,100,500,0,0,0,0.39,0,2020,0,30152.9375,0,26,0,20,0,0,0,0,0,0,0,0
247,303_Wind_Cand,303,Caesar,Wind_Cand,15,0,0,100,500,0,0,0,0.39,0,2020,0,30152.9375,0,26,0,20,0,0,0,0,0,0,0,0
248,304_Wind_Cand,304,Caine,Wind_Cand,15,0,0,100,500,0,0,0,0.39,0,2020,0,30152.9375,0,26,0,20,0,0,0,0,0,0,0,0
249,305_Wind_Cand,305,Calvin,Wind_Cand,15,0,0,100,500,0,0,0,0.39,0,2020,0,30152.9375,0,26,0,20,0,0,0,0,0,0,0,0
250,306_Wind_Cand,306,Camus,Wind_Cand,15,0,0,100,500,0,0,0,0.39,0,2020,0,30152.9375,0,26,0,20,0,0,0,0,0,0,0,0
251,307_Wind_Cand,307,Carew,Wind_Cand,15,0,0,100,500,0,0,0,0.39,0,2020,0,30152.9375,0,26,0,20,0,0,0,0,0,0,0,0
252,308_Wind_Cand,308,Carrel,Wind_Cand,15,0,0,100,500,0,0,0,0.39,0,2020,0,30152.9375,0,26,0,20,0,0,0,0,0,0,0,0
253,309_Wind_Cand,309,Carter,Wind_Cand,15,0,0,100,500,0,0,0,0.39,0,2020,0,30152.9375,0,26,0,20,0,0,0,0,0,0,0,0
254,310_Wind_Cand,310,Caruso,Wind_Cand,15,0,0,100,500,0,0,0,0.39,0,2020,0,30152.9375,0,26,0,20,0,0,0,0,0,0,0,0
255,311_Wind_Cand,311,Cary,Wind_Cand,15,0,0,100,500,0,0,0,0.39,0,2020,0,30152.9375,0,26,0,20,0,0,0,0,0,0,0,0
256,312_Wind_Cand,312,Caxton,Wind_Cand,15,0,0,100,500,0,0,0,0.39,0,2020,0,30152.9375,0,26,0,20,0,0,0,0,0,0,0,0
257,313_Wind_Cand,313,Cecil,Wind_Cand,15,0,0,100,500,0,0,0,0.39,0,2020,0,30152.9375,0,26,0,20,0,0,0,0,0,0,0,0
258,314_Wind_Cand,314,Chain,Wind_Cand,15,0,0,100,500,0,0,0,0.39,0,2020,0,30152.9375,0,26,0,20,0,0,0,0,0,0,0,0
259,315_Wind_Cand,315,Chase,Wind_Cand,15,0,0,100,500,0,0,0,0.39,0,2020,0,30152.9375,0,26,0,20,0,0,0,0,0,0,0,0
260,316_Wind_Cand,316,Chifa,Wind_Cand,15,0,0,100,500,0,0,0,0.39,0,2020,0,30152.9375,0,26,0,20,0,0,0,0,0,0,0,0
261,317_Wind_Cand,317,Chuhsi,Wind_Cand,15,0,0,100,500,0,0,0,0.39,0,2020,0,30152.9375,0,26,0,20,0,0,0,0,0,0,0,0
262,318_Wind_Cand,318,Clark,Wind_Cand,15,0,0,100,500,0,0,0,0.39,0,2020,0,30152.9375,0,26,0,20,0,0,0,0,0,0,0,0
263,319_Wind_Cand,319,Clay,Wind_Cand,15,0,0,100,500,0,0,0,0.39,0,2020,0,30152.9375,0,26,0,20,0,0,0,0,0,0,0,0
264,320_Wind_Cand,320,Clive,Wind_Cand,15,0,0,100,500,0,0,0,0.39,0,2020,0,30152.9375,0,26,0,20,0,0,0,0,0,0,0,0
265,321_Wind_Cand,321,Cobb,Wind_Cand,15,0,0,100,500,0,0,0,0.39,0,2020,0,30152.9375,0,26,0,20,0,0,0,0,0,0,0,0
266,322_Wind_Cand,322,Cole,Wind_Cand,15,0,0,100,500,0,0,0,0.39,0,2020,0,30152.9375,0,26,0,20,0,0,0,0,0,0,0,0
267,323_Wind_Cand,323,Comte,Wind_Cand,15,0,0,100,500,0,0,0,0.39,0,2020,0,30152.9375,0,26,0,20,0,0,0,0,0,0,0,0
268,324_Wind_Cand,324,Curie,Wind_Cand,15,0,0,100,500,0,0,0,0.39,0,2020,0,30152.9375,0,26,0,20,0,0,0,0,0,0,0,0
269,325_Wind_Cand,325,Curtiss,Wind_Cand,15,0,0,100,500,0,0,0,0.39,0,2020,0,30152.9375,0,26,0,20,0,0,0,0,0,0,0,0
270,102_Li_Ion_Cand,102,Adams,Li_Ion_Cand,22,0,0,50,500,0,0,0,0.7,0,2020,0,23691.59375,0,0,0.3,16,1,0,0,0,0,0,0,0
271,103_Li_Ion_Cand,103,Adler,Li_Ion_Cand,22,0,0,50,500,0,0,0,0.7,0,2020,0,23691.59375,0,0,0.3,16,1,0,0,0,0,0,0,0
272,104_Li_Ion_Cand,104,Agricola,Li_Ion_Cand,22,0,0,50,500,0,0,0,0.7,0,2020,0,23691.59375,0,0,0.3,16,1,0,0,0,0,0,0,0
273,105_Li_Ion_Cand,105,Aiken,Li_Ion_Cand,22,0,0,50,500,0,0,0,0.7,0,2020,0,23691.59375,0,0,0.3,16,1,0,0,0,0,0,0,0
274,106_Li_Ion_Cand,106,Alber,Li_Ion_Cand,22,0,0,50,500,0,0,0,0.7,0,2020,0,23691.59375,0,0,0.3,16,1,0,0,0,0,0,0,0
275,107_Li_Ion_Cand,107,Alder,Li_Ion_Cand,22,0,0,50,500,0,0,0,0.7,0,2020,0,23691.59375,0,0,0.3,16,1,0,0,0,0,0,0,0
276,108_Li_Ion_Cand,108,Alger,Li_Ion_Cand,22,0,0,50,500,0,0,0,0.7,0,2020,0,23691.59375,0,0,0.3,16,1,0,0,0,0,0,0,0
277,109_Li_Ion_Cand,109,Ali,Li_Ion_Cand,22,0,0,50,500,0,0,0,0.7,0,2020,0,23691.59375,0,0,0.3,16,1,0,0,0,0,0,0,0
278,110_Li_Ion_Cand,110,Allen,Li_Ion_Cand,22,0,0,50,500,0,0,0,0.7,0,2020,0,23691.59375,0,0,0.3,16,1,0,0,0,0,0,0,0
279,111_Li_Ion_Cand,111,Anna,Li_Ion_Cand,22,0,0,50,500,0,0,0,0.7,0,2020,0,23691.59375,0,0,0.3,16,1,0,0,0,0,0,0,0
280,112_Li_Ion_Cand,112,Archer,Li_Ion_Cand,22,0,0,50,500,0,0,0,0.7,0,2020,0,23691.59375,0,0,0.3,16,1,0,0,0,0,0,0,0
281,113_Li_Ion_Cand,113,Arne,Li_Ion_Cand,22,0,0,50,500,0,0,0,0.7,0,2020,0,23691.59375,0,0,0.3,16,1,0,0,0,0,0,0,0
282,114_Li_Ion_Cand,114,Arnold,Li_Ion_Cand,22,0,0,50,500,0,0,0,0.7,0,2020,0,23691.59375,0,0,0.3,16,1,0,0,0,0,0,0,0
283,115_Li_Ion_Cand,115,Arthur,Li_Ion_Cand,22,0,0,50,500,0,0,0,0.7,0,2020,0,23691.59375,0,0,0.3,16,1,0,0,0,0,0,0,0
284,116_Li_Ion_Cand,116,Asser,Li_Ion_Cand,22,0,0,50,500,0,0,0,0.7,0,2020,0,23691.59375,0,0,0.3,16,1,0,0,0,0,0,0,0
285,117_Li_Ion_Cand,117,Aston,Li_Ion_Cand,22,0,0,50,500,0,0,0,0.7,0,2020,0,23691.59375,0,0,0.3,16,1,0,0,0,0,0,0,0
286,118_Li_Ion_Cand,118,Astor,Li_Ion_Cand,22,0,0,50,500,0,0,0,0.7,0,2020,0,23691.59375,0,0,0.3,16,1,0,0,0,0,0,0,0
287,119_Li_Ion_Cand,119,Attar,Li_Ion_Cand,22,0,0,50,500,0,0,0,0.7,0,2020,0,23691.59375,0,0,0.3,16,1,0,0,0,0,0,0,0
288,120_Li_Ion_Cand,120,Attila,Li_Ion_Cand,22,0,0,50,500,0,0,0,0.7,0,2020,0,23691.59375,0,0,0.3,16,1,0,0,0,0,0,0,0
289,121_Li_Ion_Cand,121,Attlee,Li_Ion_Cand,22,0,0,50,500,0,0,0,0.7,0,2020,0,23691.59375,0,0,0.3,16,1,0,0,0,0,0,0,0
290,122_Li_Ion_Cand,122,Aubrey,Li_Ion_Cand,22,0,0,50,500,0,0,0,0.7,0,2020,0,23691.59375,0,0,0.3,16,1,0,0,0,0,0,0,0
291,123_Li_Ion_Cand,123,Austen,Li_Ion_Cand,22,0,0,50,500,0,0,0,0.7,0,2020,0,23691.59375,0,0,0.3,16,1,0,0,0,0,0,0,0
292,124_Li_Ion_Cand,124,Avery,Li_Ion_Cand,22,0,0,50,500,0,0,0,0.7,0,2020,0,23691.59375,0,0,0.3,16,1,0,0,0,0,0,0,0
293,201_Li_Ion_Cand,201,Bach,Li_Ion_Cand,22,0,0,50,500,0,0,0,0.7,0,2020,0,23691.59375,0,0,0.3,16,1,0,0,0,0,0,0,0
294,202_Li_Ion_Cand,202,Bacon,Li_Ion_Cand,22,0,0,50,500,0,0,0,0.7,0,2020,0,23691.59375,0,0,0.3,16,1,0,0,0,0,0,0,0
295,203_Li_Ion_Cand,203,Baffin,Li_Ion_Cand,22,0,0,50,500,0,0,0,0.7,0,2020,0,23691.59375,0,0,0.3,16,1,0,0,0,0,0,0,0
296,204_Li_Ion_Cand,204,Bailey,Li_Ion_Cand,22,0,0,50,500,0,0,0,0.7,0,2020,0,23691.59375,0,0,0.3,16,1,0,0,0,0,0,0,0
297,205_Li_Ion_Cand,205,Bain,Li_Ion_Cand,22,0,0,50,500,0,0,0,0.7,0,2020,0,23691.59375,0,0,0.3,16,1,0,0,0,0,0,0,0
298,206_Li_Ion_Cand,206,Bajer,Li_Ion_Cand,22,0,0,50,500,0,0,0,0.7,0,2020,0,23691.59375,0,0,0.3,16,1,0,0,0,0,0,0,0
299,207_Li_Ion_Cand,207,Baker,Li_Ion_Cand,22,0,0,50,500,0,0,0,0.7,0,2020,0,23691.59375,0,0,0.3,16,1,0,0,0,0,0,0,0
300,208_Li_Ion_Cand,208,Balch,Li_Ion_Cand,22,0,0,50,500,0,0,0,0.7,0,2020,0,23691.59375,0,0,0.3,16,1,0,0,0,0,0,0,0
301,209_Li_Ion_Cand,209,Balzac,Li_Ion_Cand,22,0,0,50,500,0,0,0,0.7,0,2020,0,23691.59375,0,0,0.3,16,1,0,0,0,0,0,0,0
302,210_Li_Ion_Cand,210,Banks,Li_Ion_Cand,22,0,0,50,500,0,0,0,0.7,0,2020,0,23691.59375,0,0,0.3,16,1,0,0,0,0,0,0,0
303,211_Li_Ion_Cand,211,Bardeen,Li_Ion_Cand,22,0,0,50,500,0,0,0,0.7,0,2020,0,23691.59375,0,0,0.3,16,1,0,0,0,0,0,0,0
304,212_Li_Ion_Cand,212,Barkla,Li_Ion_Cand,22,0,0,50,500,0,0,0,0.7,0,2020,0,23691.59375,0,0,0.3,16,1,0,0,0,0,0,0,0
305,213_Li_Ion_Cand,213,Barlow,Li_Ion_Cand,22,0,0,50,500,0,0,0,0.7,0,2020,0,23691.59375,0,0,0.3,16,1,0,0,0,0,0,0,0
306,214_Li_Ion_Cand,214,Barry,Li_Ion_Cand,22,0,0,50,500,0,0,0,0.7,0,2020,0,23691.59375,0,0,0.3,16,1,0,0,0,0,0,0,0
307,215_Li_Ion_Cand,215,Barton,Li_Ion_Cand,22,0,0,50,500,0,0,0,0.7,0,2020,0,23691.59375,0,0,0.3,16,1,0,0,0,0,0,0,0
308,217_Li_Ion_Cand,217,Bates,Li_Ion_Cand,22,0,0,50,500,0,0,0,0.7,0,2020,0,23691.59375,0,0,0.3,16,1,0,0,0,0,0,0,0
309,216_Li_Ion_Cand,216,Basov,Li_Ion_Cand,22,0,0,50,500,0,0,0,0.7,0,2020,0,23691.59375,0,0,0.3,16,1,0,0,0,0,0,0,0
310,218_Li_Ion_Cand,218,Bayle,Li_Ion_Cand,22,0,0,50,500,0,0,0,0.7,0,2020,0,23691.59375,0,0,0.3,16,1,0,0,0,0,0,0,0
311,219_Li_Ion_Cand,219,Bede,Li_Ion_Cand,22,0,0,50,500,0,0,0,0.7,0,2020,0,23691.59375,0,0,0.3,16,1,0,0,0,0,0,0,0
312,220_Li_Ion_Cand,220,Beethoven,Li_Ion_Cand,22,0,0,50,500,0,0,0,0.7,0,2020,0,23691.59375,0,0,0.3,16,1,0,0,0,0,0,0,0
313,221_Li_Ion_Cand,221,Behring,Li_Ion_Cand,22,0,0,50,500,0,0,0,0.7,0,2020,0,23691.59375,0,0,0.3,16,1,0,0,0,0,0,0,0
314,222_Li_Ion_Cand,222,Bell,Li_Ion_Cand,22,0,0,50,500,0,0,0,0.7,0,2020,0,23691.59375,0,0,0.3,16,1,0,0,0,0,0,0,0
315,223_Li_Ion_Cand,223,Bloch,Li_Ion_Cand,22,0,0,50,500,0,0,0,0.7,0,2020,0,23691.59375,0,0,0.3,16,1,0,0,0,0,0,0,0
316,224_Li_Ion_Cand,224,Bordet,Li_Ion_Cand,22,0,0,50,500,0,0,0,0.7,0,2020,0,23691.59375,0,0,0.3,16,1,0,0,0,0,0,0,0
317,301_Li_Ion_Cand,301,Cabell,Li_Ion_Cand,22,0,0,50,500,0,0,0,0.7,0,2020,0,23691.59375,0,0,0.3,16,1,0,0,0,0,0,0,0
318,302_Li_Ion_Cand,302,Cabot,Li_Ion_Cand,22,0,0,50,500,0,0,0,0.7,0,2020,0,23691.59375,0,0,0.3,16,1,0,0,0,0,0,0,0
319,303_Li_Ion_Cand,303,Caesar,Li_Ion_Cand,22,0,0,50,500,0,0,0,0.7,0,2020,0,23691.59375,0,0,0.3,16,1,0,0,0,0,0,0,0
320,304_Li_Ion_Cand,304,Caine,Li_Ion_Cand,22,0,0,50,500,0,0,0,0.7,0,2020,0,23691.59375,0,0,0.3,16,1,0,0,0,0,0,0,0
321,305_Li_Ion_Cand,305,Calvin,Li_Ion_Cand,22,0,0,50,500,0,0,0,0.7,0,2020,0,23691.59375,0,0,0.3,16,1,0,0,0,0,0,0,0
322,306_Li_Ion_Cand,306,Camus,Li_Ion_Cand,22,0,0,50,500,0,0,0,0.7,0,2020,0,23691.59375,0,0,0.3,16,1,0,0,0,0,0,0,0
323,307_Li_Ion_Cand,307,Carew,Li_Ion_Cand,22,0,0,50,500,0,0,0,0.7,0,2020,0,23691.59375,0,0,0.3,16,1,0,0,0,0,0,0,0
324,308_Li_Ion_Cand,308,Carrel,Li_Ion_Cand,22,0,0,50,500,0,0,0,0.7,0,2020,0,23691.59375,0,0,0.3,16,1,0,0,0,0,0,0,0
325,309_Li_Ion_Cand,309,Carter,Li_Ion_Cand,22,0,0,50,500,0,0,0,0.7,0,2020,0,23691.59375,0,0,0.3,16,1,0,0,0,0,0,0,0
326,310_Li_Ion_Cand,310,Caruso,Li_Ion_Cand,22,0,0,50,500,0,0,0,0.7,0,2020,0,23691.59375,0,0,0.3,16,1,0,0,0,0,0,0,0
327,311_Li_Ion_Cand,311,Cary,Li_Ion_Cand,22,0,0,50,500,0,0,0,0.7,0,2020,0,23691.59375,0,0,0.3,16,1,0,0,0,0,0,0,0
328,312_Li_Ion_Cand,312,Caxton,Li_Ion_Cand,22,0,0,50,500,0,0,0,0.7,0,2020,0,23691.59375,0,0,0.3,16,1,0,0,0,0,0,0,0
329,313_Li_Ion_Cand,313,Cecil,Li_Ion_Cand,22,0,0,50,500,0,0,0,0.7,0,2020,0,23691.59375,0,0,0.3,16,1,0,0,0,0,0,0,0
330,314_Li_Ion_Cand,314,Chain,Li_Ion_Cand,22,0,0,50,500,0,0,0,0.7,0,2020,0,23691.59375,0,0,0.3,16,1,0,0,0,0,0,0,0
331,315_Li_Ion_Cand,315,Chase,Li_Ion_Cand,22,0,0,50,500,0,0,0,0.7,0,2020,0,23691.59375,0,0,0.3,16,1,0,0,0,0,0,0,0
332,316_Li_Ion_Cand,316,Chifa,Li_Ion_Cand,22,0,0,50,500,0,0,0,0.7,0,2020,0,23691.59375,0,0,0.3,16,1,0,0,0,0,0,0,0
333,317_Li_Ion_Cand,317,Chuhsi,Li_Ion_Cand,22,0,0,50,500,0,0,0,0.7,0,2020,0,23691.59375,0,0,0.3,16,1,0,0,0,0,0,0,0
334,318_Li_Ion_Cand,318,Clark,Li_Ion_Cand,22,0,0,50,500,0,0,0,0.7,0,2020,0,23691.59375,0,0,0.3,16,1,0,0,0,0,0,0,0
335,319_Li_Ion_Cand,319,Clay,Li_Ion_Cand,22,0,0,50,500,0,0,0,0.7,0,2020,0,23691.59375,0,0,0.3,16,1,0,0,0,0,0,0,0
336,320_Li_Ion_Cand,320,Clive,Li_Ion_Cand,22,0,0,50,500,0,0,0,0.7,0,2020,0,23691.59375,0,0,0.3,16,1,0,0,0,0,0,0,0
337,321_Li_Ion_Cand,321,Cobb,Li_Ion_Cand,22,0,0,50,500,0,0,0,0.7,0,2020,0,23691.59375,0,0,0.3,16,1,0,0,0,0,0,0,0
338,322_Li_Ion_Cand,322,Cole,Li_Ion_Cand,22,0,0,50,500,0,0,0,0.7,0,2020,0,23691.59375,0,0,0.3,16,1,0,0,0,0,0,0,0
339,323_Li_Ion_Cand,323,Comte,Li_Ion_Cand,22,0,0,50,500,0,0,0,0.7,0,2020,0,23691.59375,0,0,0.3,16,1,0,0,0,0,0,0,0
340,325_Li_Ion_Cand,325,Curtiss,Li_Ion_Cand,22,0,0,50,500,0,0,0,0.7,0,2020,0,23691.59375,0,0,0.3,16,1,0,0,0,0,0,0,0
341,102_Flow_Cand,102,Adams,Flow_Cand,23,0,0,50,500,0,0,0,0.7,0,2028,0,10270,0.3,0,0.3,12,1,0,0,0,0,0,0,0
342,103_Flow_Cand,103,Adler,Flow_Cand,23,0,0,50,500,0,0,0,0.7,0,2028,0,10270,0.3,0,0.3,12,1,0,0,0,0,0,0,0
343,104_Flow_Cand,104,Agricola,Flow_Cand,23,0,0,50,500,0,0,0,0.7,0,2028,0,10270,0.3,0,0.3,12,1,0,0,0,0,0,0,0
344,105_Flow_Cand,105,Aiken,Flow_Cand,23,0,0,50,500,0,0,0,0.7,0,2028,0,10270,0.3,0,0.3,12,1,0,0,0,0,0,0,0
345,106_Flow_Cand,106,Alber,Flow_Cand,23,0,0,50,500,0,0,0,0.7,0,2028,0,10270,0.3,0,0.3,12,1,0,0,0,0,0,0,0
346,107_Flow_Cand,107,Alder,Flow_Cand,23,0,0,50,500,0,0,0,0.7,0,2028,0,10270,0.3,0,0.3,12,1,0,0,0,0,0,0,0
347,108_Flow_Cand,108,Alger,Flow_Cand,23,0,0,50,500,0,0,0,0.7,0,2028,0,10270,0.3,0,0.3,12,1,0,0,0,0,0,0,0
348,109_Flow_Cand,109,Ali,Flow_Cand,23,0,0,50,500,0,0,0,0.7,0,2028,0,10270,0.3,0,0.3,12,1,0,0,0,0,0,0,0
349,110_Flow_Cand,110,Allen,Flow_Cand,23,0,0,50,500,0,0,0,0.7,0,2028,0,10270,0.3,0,0.3,12,1,0,0,0,0,0,0,0
350,111_Flow_Cand,111,Anna,Flow_Cand,23,0,0,50,500,0,0,0,0.7,0,2028,0,10270,0.3,0,0.3,12,1,0,0,0,0,0,0,0
351,112_Flow_Cand,112,Archer,Flow_Cand,23,0,0,50,500,0,0,0,0.7,0,2028,0,10270,0.3,0,0.3,12,1,0,0,0,0,0,0,0
352,113_Flow_Cand,113,Arne,Flow_Cand,23,0,0,50,500,0,0,0,0.7,0,2028,0,10270,0.3,0,0.3,12,1,0,0,0,0,0,0,0
353,114_Flow_Cand,114,Arnold,Flow_Cand,23,0,0,50,500,0,0,0,0.7,0,2028,0,10270,0.3,0,0.3,12,1,0,0,0,0,0,0,0
354,115_Flow_Cand,115,Arthur,Flow_Cand,23,0,0,50,500,0,0,0,0.7,0,2028,0,10270,0.3,0,0.3,12,1,0,0,0,0,0,0,0
355,116_Flow_Cand,116,Asser,Flow_Cand,23,0,0,50,500,0,0,0,0.7,0,2028,0,10270,0.3,0,0.3,12,1,0,0,0,0,0,0,0
356,117_Flow_Cand,117,Aston,Flow_Cand,23,0,0,50,500,0,0,0,0.7,0,2028,0,10270,0.3,0,0.3,12,1,0,0,0,0,0,0,0
357,118_Flow_Cand,118,Astor,Flow_Cand,23,0,0,50,500,0,0,0,0.7,0,2028,0,10270,0.3,0,0.3,12,1,0,0,0,0,0,0,0
358,119_Flow_Cand,119,Attar,Flow_Cand,23,0,0,50,500,0,0,0,0.7,0,2028,0,10270,0.3,0,0.3,12,1,0,0,0,0,0,0,0
359,120_Flow_Cand,120,Attila,Flow_Cand,23,0,0,50,500,0,0,0,0.7,0,2028,0,10270,0.3,0,0.3,12,1,0,0,0,0,0,0,0
360,121_Flow_Cand,121,Attlee,Flow_Cand,23,0,0,50,500,0,0,0,0.7,0,2028,0,10270,0.3,0,0.3,12,1,0,0,0,0,0,0,0
361,122_Flow_Cand,122,Aubrey,Flow_Cand,23,0,0,50,500,0,0,0,0.7,0,2028,0,10270,0.3,0,0.3,12,1,0,0,0,0,0,0,0
362,123_Flow_Cand,123,Austen,Flow_Cand,23,0,0,50,500,0,0,0,0.7,0,2028,0,10270,0.3,0,0.3,12,1,0,0,0,0,0,0,0
363,124_Flow_Cand,124,Avery,Flow_Cand,23,0,0,50,500,0,0,0,0.7,0,2028,0,10270,0.3,0,0.3,12,1,0,0,0,0,0,0,0
364,201_Flow_Cand,201,Bach,Flow_Cand,23,0,0,50,500,0,0,0,0.7,0,2028,0,10270,0.3,0,0.3,12,1,0,0,0,0,0,0,0
365,202_Flow_Cand,202,Bacon,Flow_Cand,23,0,0,50,500,0,0,0,0.7,0,2028,0,10270,0.3,0,0.3,12,1,0,0,0,0,0,0,0
366,203_Flow_Cand,203,Baffin,Flow_Cand,23,0,0,50,500,0,0,0,0.7,0,2028,0,10270,0.3,0,0.3,12,1,0,0,0,0,0,0,0
367,204_Flow_Cand,204,Bailey,Flow_Cand,23,0,0,50,500,0,0,0,0.7,0,2028,0,10270,0.3,0,0.3,12,1,0,0,0,0,0,0,0
368,205_Flow_Cand,205,Bain,Flow_Cand,23,0,0,50,500,0,0,0,0.7,0,2028,0,10270,0.3,0,0.3,12,1,0,0,0,0,0,0,0
369,206_Flow_Cand,206,Bajer,Flow_Cand,23,0,0,50,500,0,0,0,0.7,0,2028,0,10270,0.3,0,0.3,12,1,0,0,0,0,0,0,0
370,207_Flow_Cand,207,Baker,Flow_Cand,23,0,0,50,500,0,0,0,0.7,0,2028,0,10270,0.3,0,0.3,12,1,0,0,0,0,0,0,0
371,208_Flow_Cand,208,Balch,Flow_Cand,23,0,0,50,500,0,0,0,0.7,0,2028,0,10270,0.3,0,0.3,12,1,0,0,0,0,0,0,0
372,209_Flow_Cand,209,Balzac,Flow_Cand,23,0,0,50,500,0,0,0,0.7,0,2028,0,10270,0.3,0,0.3,12,1,0,0,0,0,0,0,0
373,210_Flow_Cand,210,Banks,Flow_Cand,23,0,0,50,500,0,0,0,0.7,0,2028,0,10270,0.3,0,0.3,12,1,0,0,0,0,0,0,0
374,211_Flow_Cand,211,Bardeen,Flow_Cand,23,0,0,50,500,0,0,0,0.7,0,2028,0,10270,0.3,0,0.3,12,1,0,0,0,0,0,0,0
375,212_Flow_Cand,212,Barkla,Flow_Cand,23,0,0,50,500,0,0,0,0.7,0,2028,0,10270,0.3,0,0.3,12,1,0,0,0,0,0,0,0
376,213_Flow_Cand,213,Barlow,Flow_Cand,23,0,0,50,500,0,0,0,0.7,0,2028,0,10270,0.3,0,0.3,12,1,0,0,0,0,0,0,0
377,214_Flow_Cand,214,Barry,Flow_Cand,23,0,0,50,500,0,0,0,0.7,0,2028,0,10270,0.3,0,0.3,12,1,0,0,0,0,0,0,0
378,215_Flow_Cand,215,Barton,Flow_Cand,23,0,0,50,500,0,0,0,0.7,0,2028,0,10270,0.3,0,0.3,12,1,0,0,0,0,0,0,0
379,216_Flow_Cand,216,Basov,Flow_Cand,23,0,0,50,500,0,0,0,0.7,0,2028,0,10270,0.3,0,0.3,12,1,0,0,0,0,0,0,0
380,217_Flow_Cand,217,Bates,Flow_Cand,23,0,0,50,500,0,0,0,0.7,0,2028,0,10270,0.3,0,0.3,12,1,0,0,0,0,0,0,0
381,218_Flow_Cand,218,Bayle,Flow_Cand,23,0,0,50,500,0,0,0,0.7,0,2028,0,10270,0.3,0,0.3,12,1,0,0,0,0,0,0,0
382,219_Flow_Cand,219,Bede,Flow_Cand,23,0,0,50,500,0,0,0,0.7,0,2028,0,10270,0.3,0,0.3,12,1,0,0,0,0,0,0,0
383,220_Flow_Cand,220,Beethoven,Flow_Cand,23,0,0,50,500,0,0,0,0.7,0,2028,0,10270,0.3,0,0.3,12,1,0,0,0,0,0,0,0
384,221_Flow_Cand,221,Behring,Flow_Cand,23,0,0,50,500,0,0,0,0.7,0,2028,0,10270,0.3,0,0.3,12,1,0,0,0,0,0,0,0
385,222_Flow_Cand,222,Bell,Flow_Cand,23,0,0,50,500,0,0,0,0.7,0,2028,0,10270,0.3,0,0.3,12,1,0,0,0,0,0,0,0
386,223_Flow_Cand,223,Bloch,Flow_Cand,23,0,0,50,500,0,0,0,0.7,0,2028,0,10270,0.3,0,0.3,12,1,0,0,0,0,0,0,0
387,224_Flow_Cand,224,Bordet,Flow_Cand,23,0,0,50,500,0,0,0,0.7,0,2028,0,10270,0.3,0,0.3,12,1,0,0,0,0,0,0,0
388,301_Flow_Cand,301,Cabell,Flow_Cand,23,0,0,50,500,0,0,0,0.7,0,2028,0,10270,0.3,0,0.3,12,1,0,0,0,0,0,0,0
389,302_Flow_Cand,302,Cabot,Flow_Cand,23,0,0,50,500,0,0,0,0.7,0,2028,0,10270,0.3,0,0.3,12,1,0,0,0,0,0,0,0
390,303_Flow_Cand,303,Caesar,Flow_Cand,23,0,0,50,500,0,0,0,0.7,0,2028,0,10270,0.3,0,0.3,12,1,0,0,0,0,0,0,0
391,304_Flow_Cand,304,Caine,Flow_Cand,23,0,0,50,500,0,0,0,0.7,0,2028,0,10270,0.3,0,0.3,12,1,0,0,0,0,0,0,0
392,305_Flow_Cand,305,Calvin,Flow_Cand,23,0,0,50,500,0,0,0,0.7,0,2028,0,10270,0.3,0,0.3,12,1,0,0,0,0,0,0,0
393,306_Flow_Cand,306,Camus,Flow_Cand,23,0,0,50,500,0,0,0,0.7,0,2028,0,10270,0.3,0,0.3,12,1,0,0,0,0,0,0,0
394,307_Flow_Cand,307,Carew,Flow_Cand,23,0,0,50,500,0,0,0,0.7,0,2028,0,10270,0.3,0,0.3,12,1,0,0,0,0,0,0,0
395,308_Flow_Cand,308,Carrel,Flow_Cand,23,0,0,50,500,0,0,0,0.7,0,2028,0,10270,0.3,0,0.3,12,1,0,0,0,0,0,0,0
396,309_Flow_Cand,309,Carter,Flow_Cand,23,0,0,50,500,0,0,0,0.7,0,2028,0,10270,0.3,0,0.3,12,1,0,0,0,0,0,0,0
397,310_Flow_Cand,310,Caruso,Flow_Cand,23,0,0,50,500,0,0,0,0.7,0,2028,0,10270,0.3,0,0.3,12,1,0,0,0,0,0,0,0
398,311_Flow_Cand,311,Cary,Flow_Cand,23,0,0,50,500,0,0,0,0.7,0,2028,0,10270,0.3,0,0.3,12,1,0,0,0,0,0,0,0
399,312_Flow_Cand,312,Caxton,Flow_Cand,23,0,0,50,500,0,0,0,0.7,0,2028,0,10270,0.3,0,0.3,12,1,0,0,0,0,0,0,0
400,313_Flow_Cand,313,Cecil,Flow_Cand,23,0,0,50,500,0,0,0,0.7,0,2028,0,10270,0.3,0,0.3,12,1,0,0,0,0,0,0,0
401,314_Flow_Cand,314,Chain,Flow_Cand,23,0,0,50,500,0,0,0,0.7,0,2028,0,10270,0.3,0,0.3,12,1,0,0,0,0,0,0,0
402,315_Flow_Cand,315,Chase,Flow_Cand,23,0,0,50,500,0,0,0,0.7,0,2028,0,10270,0.3,0,0.3,12,1,0,0,0,0,0,0,0
403,316_Flow_Cand,316,Chifa,Flow_Cand,23,0,0,50,500,0,0,0,0.7,0,2028,0,10270,0.3,0,0.3,12,1,0,0,0,0,0,0,0
404,317_Flow_Cand,317,Chuhsi,Flow_Cand,23,0,0,50,500,0,0,0,0.7,0,2028,0,10270,0.3,0,0.3,12,1,0,0,0,0,0,0,0
405,318_Flow_Cand,318,Clark,Flow_Cand,23,0,0,50,500,0,0,0,0.7,0,2028,0,10270,0.3,0,0.3,12,1,0,0,0,0,0,0,0
406,319_Flow_Cand,319,Clay,Flow_Cand,23,0,0,50,500,0,0,0,0.7,0,2028,0,10270,0.3,0,0.3,12,1,0,0,0,0,0,0,0
407,320_Flow_Cand,320,Clive,Flow_Cand,23,0,0,50,500,0,0,0,0.7,0,2028,0,10270,0.3,0,0.3,12,1,0,0,0,0,0,0,0
408,321_Flow_Cand,321,Cobb,Flow_Cand,23,0,0,50,500,0,0,0,0.7,0,2028,0,10270,0.3,0,0.3,12,1,0,0,0,0,0,0,0
409,322_Flow_Cand,322,Cole,Flow_Cand,23,0,0,50,500,0,0,0,0.7,0,2028,0,10270,0.3,0,0.3,12,1,0,0,0,0,0,0,0
410,323_Flow_Cand,323,Comte,Flow_Cand,23,0,0,50,500,0,0,0,0.7,0,2028,0,10270,0.3,0,0.3,12,1,0,0,0,0,0,0,0
411,325_Flow_Cand,325,Curtiss,Flow_Cand,23,0,0,50,500,0,0,0,0.7,0,2028,0,10270,0.3,0,0.3,12,1,0,0,0,0,0,0,0
412,102_Therm_Cand,102,Adams,Therm_Cand,26,0,0,50,500,0,0,0,0.7,0,2032,0,28305,0.3,0,0.3,35,1,0,0,0,0,0,0,0
413,103_Therm_Cand,103,Adler,Therm_Cand,26,0,0,50,500,0,0,0,0.7,0,2032,0,28305,0.3,0,0.3,35,1,0,0,0,0,0,0,0
414,104_Therm_Cand,104,Agricola,Therm_Cand,26,0,0,50,500,0,0,0,0.7,0,2032,0,28305,0.3,0,0.3,35,1,0,0,0,0,0,0,0
415,105_Therm_Cand,105,Aiken,Therm_Cand,26,0,0,50,500,0,0,0,0.7,0,2032,0,28305,0.3,0,0.3,35,1,0,0,0,0,0,0,0
416,106_Therm_Cand,106,Alber,Therm_Cand,26,0,0,50,500,0,0,0,0.7,0,2032,0,28305,0.3,0,0.3,35,1,0,0,0,0,0,0,0
417,107_Therm_Cand,107,Alder,Therm_Cand,26,0,0,50,500,0,0,0,0.7,0,2032,0,28305,0.3,0,0.3,35,1,0,0,0,0,0,0,0
418,108_Therm_Cand,108,Alger,Therm_Cand,26,0,0,50,500,0,0,0,0.7,0,2032,0,28305,0.3,0,0.3,35,1,0,0,0,0,0,0,0
419,109_Therm_Cand,109,Ali,Therm_Cand,26,0,0,50,500,0,0,0,0.7,0,2032,0,28305,0.3,0,0.3,35,1,0,0,0,0,0,0,0
420,110_Therm_Cand,110,Allen,Therm_Cand,26,0,0,50,500,0,0,0,0.7,0,2032,0,28305,0.3,0,0.3,35,1,0,0,0,0,0,0,0
421,111_Therm_Cand,111,Anna,Therm_Cand,26,0,0,50,500,0,0,0,0.7,0,2032,0,28305,0.3,0,0.3,35,1,0,0,0,0,0,0,0
422,113_Therm_Cand,113,Arne,Therm_Cand,26,0,0,50,500,0,0,0,0.7,0,2032,0,28305,0.3,0,0.3,35,1,0,0,0,0,0,0,0
423,112_Therm_Cand,112,Archer,Therm_Cand,26,0,0,50,500,0,0,0,0.7,0,2032,0,28305,0.3,0,0.3,35,1,0,0,0,0,0,0,0
424,114_Therm_Cand,114,Arnold,Therm_Cand,26,0,0,50,500,0,0,0,0.7,0,2032,0,28305,0.3,0,0.3,35,1,0,0,0,0,0,0,0
425,115_Therm_Cand,115,Arthur,Therm_Cand,26,0,0,50,500,0,0,0,0.7,0,2032,0,28305,0.3,0,0.3,35,1,0,0,0,0,0,0,0
426,116_Therm_Cand,116,Asser,Therm_Cand,26,0,0,50,500,0,0,0,0.7,0,2032,0,28305,0.3,0,0.3,35,1,0,0,0,0,0,0,0
427,117_Therm_Cand,117,Aston,Therm_Cand,26,0,0,50,500,0,0,0,0.7,0,2032,0,28305,0.3,0,0.3,35,1,0,0,0,0,0,0,0
428,118_Therm_Cand,118,Astor,Therm_Cand,26,0,0,50,500,0,0,0,0.7,0,2032,0,28305,0.3,0,0.3,35,1,0,0,0,0,0,0,0
429,119_Therm_Cand,119,Attar,Therm_Cand,26,0,0,50,500,0,0,0,0.7,0,2032,0,28305,0.3,0,0.3,35,1,0,0,0,0,0,0,0
430,120_Therm_Cand,120,Attila,Therm_Cand,26,0,0,50,500,0,0,0,0.7,0,2032,0,28305,0.3,0,0.3,35,1,0,0,0,0,0,0,0
431,121_Therm_Cand,121,Attlee,Therm_Cand,26,0,0,50,500,0,0,0,0.7,0,2032,0,28305,0.3,0,0.3,35,1,0,0,0,0,0,0,0
432,122_Therm_Cand,122,Aubrey,Therm_Cand,26,0,0,50,500,0,0,0,0.7,0,2032,0,28305,0.3,0,0.3,35,1,0,0,0,0,0,0,0
433,123_Therm_Cand,123,Austen,Therm_Cand,26,0,0,50,500,0,0,0,0.7,0,2032,0,28305,0.3,0,0.3,35,1,0,0,0,0,0,0,0
434,124_Therm_Cand,124,Avery,Therm_Cand,26,0,0,50,500,0,0,0,0.7,0,2032,0,28305,0.3,0,0.3,35,1,0,0,0,0,0,0,0
435,201_Therm_Cand,201,Bach,Therm_Cand,26,0,0,50,500,0,0,0,0.7,0,2032,0,28305,0.3,0,0.3,35,1,0,0,0,0,0,0,0
436,202_Therm_Cand,202,Bacon,Therm_Cand,26,0,0,50,500,0,0,0,0.7,0,2032,0,28305,0.3,0,0.3,35,1,0,0,0,0,0,0,0
437,203_Therm_Cand,203,Baffin,Therm_Cand,26,0,0,50,500,0,0,0,0.7,0,2032,0,28305,0.3,0,0.3,35,1,0,0,0,0,0,0,0
438,204_Therm_Cand,204,Bailey,Therm_Cand,26,0,0,50,500,0,0,0,0.7,0,2032,0,28305,0.3,0,0.3,35,1,0,0,0,0,0,0,0
439,205_Therm_Cand,205,Bain,Therm_Cand,26,0,0,50,500,0,0,0,0.7,0,2032,0,28305,0.3,0,0.3,35,1,0,0,0,0,0,0,0
440,206_Therm_Cand,206,Bajer,Therm_Cand,26,0,0,50,500,0,0,0,0.7,0,2032,0,28305,0.3,0,0.3,35,1,0,0,0,0,0,0,0
441,207_Therm_Cand,207,Baker,Therm_Cand,26,0,0,50,500,0,0,0,0.7,0,2032,0,28305,0.3,0,0.3,35,1,0,0,0,0,0,0,0
442,208_Therm_Cand,208,Balch,Therm_Cand,26,0,0,50,500,0,0,0,0.7,0,2032,0,28305,0.3,0,0.3,35,1,0,0,0,0,0,0,0
443,209_Therm_Cand,209,Balzac,Therm_Cand,26,0,0,50,500,0,0,0,0.7,0,2032,0,28305,0.3,0,0.3,35,1,0,0,0,0,0,0,0
444,210_Therm_Cand,210,Banks,Therm_Cand,26,0,0,50,500,0,0,0,0.7,0,2032,0,28305,0.3,0,0.3,35,1,0,0,0,0,0,0,0
445,211_Therm_Cand,211,Bardeen,Therm_Cand,26,0,0,50,500,0,0,0,0.7,0,2032,0,28305,0.3,0,0.3,35,1,0,0,0,0,0,0,0
446,212_Therm_Cand,212,Barkla,Therm_Cand,26,0,0,50,500,0,0,0,0.7,0,2032,0,28305,0.3,0,0.3,35,1,0,0,0,0,0,0,0
447,213_Therm_Cand,213,Barlow,Therm_Cand,26,0,0,50,500,0,0,0,0.7,0,2032,0,28305,0.3,0,0.3,35,1,0,0,0,0,0,0,0
448,214_Therm_Cand,214,Barry,Therm_Cand,26,0,0,50,500,0,0,0,0.7,0,2032,0,28305,0.3,0,0.3,35,1,0,0,0,0,0,0,0
449,215_Therm_Cand,215,Barton,Therm_Cand,26,0,0,50,500,0,0,0,0.7,0,2032,0,28305,0.3,0,0.3,35,1,0,0,0,0,0,0,0
450,216_Therm_Cand,216,Basov,Therm_Cand,26,0,0,50,500,0,0,0,0.7,0,2032,0,28305,0.3,0,0.3,35,1,0,0,0,0,0,0,0
451,217_Therm_Cand,217,Bates,Therm_Cand,26,0,0,50,500,0,0,0,0.7,0,2032,0,28305,0.3,0,0.3,35,1,0,0,0,0,0,0,0
452,218_Therm_Cand,218,Bayle,Therm_Cand,26,0,0,50,500,0,0,0,0.7,0,2032,0,28305,0.3,0,0.3,35,1,0,0,0,0,0,0,0
453,219_Therm_Cand,219,Bede,Therm_Cand,26,0,0,50,500,0,0,0,0.7,0,2032,0,28305,0.3,0,0.3,35,1,0,0,0,0,0,0,0
454,220_Therm_Cand,220,Beethoven,Therm_Cand,26,0,0,50,500,0,0,0,0.7,0,2032,0,28305,0.3,0,0.3,35,1,0,0,0,0,0,0,0
455,221_Therm_Cand,221,Behring,Therm_Cand,26,0,0,50,500,0,0,0,0.7,0,2032,0,28305,0.3,0,0.3,35,1,0,0,0,0,0,0,0
456,222_Therm_Cand,222,Bell,Therm_Cand,26,0,0,50,500,0,0,0,0.7,0,2032,0,28305,0.3,0,0.3,35,1,0,0,0,0,0,0,0
457,223_Therm_Cand,223,Bloch,Therm_Cand,26,0,0,50,500,0,0,0,0.7,0,2032,0,28305,0.3,0,0.3,35,1,0,0,0,0,0,0,0
458,224_Therm_Cand,224,Bordet,Therm_Cand,26,0,0,50,500,0,0,0,0.7,0,2032,0,28305,0.3,0,0.3,35,1,0,0,0,0,0,0,0
459,301_Therm_Cand,301,Cabell,Therm_Cand,26,0,0,50,500,0,0,0,0.7,0,2032,0,28305,0.3,0,0.3,35,1,0,0,0,0,0,0,0
460,302_Therm_Cand,302,Cabot,Therm_Cand,26,0,0,50,500,0,0,0,0.7,0,2032,0,28305,0.3,0,0.3,35,1,0,0,0,0,0,0,0
461,303_Therm_Cand,303,Caesar,Therm_Cand,26,0,0,50,500,0,0,0,0.7,0,2032,0,28305,0.3,0,0.3,35,1,0,0,0,0,0,0,0
462,304_Therm_Cand,304,Caine,Therm_Cand,26,0,0,50,500,0,0,0,0.7,0,2032,0,28305,0.3,0,0.3,35,1,0,0,0,0,0,0,0
463,305_Therm_Cand,305,Calvin,Therm_Cand,26,0,0,50,500,0,0,0,0.7,0,2032,0,28305,0.3,0,0.3,35,1,0,0,0,0,0,0,0
464,306_Therm_Cand,306,Camus,Therm_Cand,26,0,0,50,500,0,0,0,0.7,0,2032,0,28305,0.3,0,0.3,35,1,0,0,0,0,0,0,0
465,307_Therm_Cand,307,Carew,Therm_Cand,26,0,0,50,500,0,0,0,0.7,0,2032,0,28305,0.3,0,0.3,35,1,0,0,0,0,0,0,0
466,308_Therm_Cand,308,Carrel,Therm_Cand,26,0,0,50,500,0,0,0,0.7,0,2032,0,28305,0.3,0,0.3,35,1,0,0,0,0,0,0,0
467,309_Therm_Cand,309,Carter,Therm_Cand,26,0,0,50,500,0,0,0,0.7,0,2032,0,28305,0.3,0,0.3,35,1,0,0,0,0,0,0,0
468,310_Therm_Cand,310,Caruso,Therm_Cand,26,0,0,50,500,0,0,0,0.7,0,2032,0,28305,0.3,0,0.3,35,1,0,0,0,0,0,0,0
469,311_Therm_Cand,311,Cary,Therm_Cand,26,0,0,50,500,0,0,0,0.7,0,2032,0,28305,0.3,0,0.3,35,1,0,0,0,0,0,0,0
470,312_Therm_Cand,312,Caxton,Therm_Cand,26,0,0,50,500,0,0,0,0.7,0,2032,0,28305,0.3,0,0.3,35,1,0,0,0,0,0,0,0
471,313_Therm_Cand,313,Cecil,Therm_Cand,26,0,0,50,500,0,0,0,0.7,0,2032,0,28305,0.3,0,0.3,35,1,0,0,0,0,0,0,0
472,314_Therm_Cand,314,Chain,Therm_Cand,26,0,0,50,500,0,0,0,0.7,0,2032,0,28305,0.3,0,0.3,35,1,0,0,0,0,0,0,0
473,315_Therm_Cand,315,Chase,Therm_Cand,26,0,0,50,500,0,0,0,0.7,0,2032,0,28305,0.3,0,0.3,35,1,0,0,0,0,0,0,0
474,316_Therm_Cand,316,Chifa,Therm_Cand,26,0,0,50,500,0,0,0,0.7,0,2032,0,28305,0.3,0,0.3,35,1,0,0,0,0,0,0,0
475,317_Therm_Cand,317,Chuhsi,Therm_Cand,26,0,0,50,500,0,0,0,0.7,0,2032,0,28305,0.3,0,0.3,35,1,0,0,0,0,0,0,0
476,318_Therm_Cand,318,Clark,Therm_Cand,26,0,0,50,500,0,0,0,0.7,0,2032,0,28305,0.3,0,0.3,35,1,0,0,0,0,0,0,0
477,319_Therm_Cand,319,Clay,Therm_Cand,26,0,0,50,500,0,0,0,0.7,0,2032,0,28305,0.3,0,0.3,35,1,0,0,0,0,0,0,0
478,320_Therm_Cand,320,Clive,Therm_Cand,26,0,0,50,500,0,0,0,0.7,0,2032,0,28305,0.3,0,0.3,35,1,0,0,0,0,0,0,0
479,321_Therm_Cand,321,Cobb,Therm_Cand,26,0,0,50,500,0,0,0,0.7,0,2032,0,28305,0.3,0,0.3,35,1,0,0,0,0,0,0,0
480,322_Therm_Cand,322,Cole,Therm_Cand,26,0,0,50,500,0,0,0,0.7,0,2032,0,28305,0.3,0,0.3,35,1,0,0,0,0,0,0,0
481,323_Therm_Cand,323,Comte,Therm_Cand,26,0,0,50,500,0,0,0,0.7,0,2032,0,28305,0.3,0,0.3,35,1,0,0,0,0,0,0,0
482,325_Therm_Cand,325,Curtiss,Therm_Cand,26,0,0,50,500,0,0,0,0.7,0,2032,0,28305,0.3,0,0.3,35,1,0,0,0,0,0,0,0
483,107_Gas_CT_Cand,107,Alder,Gas_CT_Cand,13,0,0,100,500,0,0,0,0.95,0,2020,9.72,25845.375,7.430545313,0,0,50,0.08,0.034,0,0,0,0,2093,73
484,113_Gas_CT_Cand,113,Arne,Gas_CT_Cand,13,0,0,100,500,0,0,0,0.95,0,2020,9.72,25845.375,7.430545313,0,0,50,0.08,0.034,0,0,0,0,2093,73
485,118_Gas_CT_Cand,118,Astor,Gas_CT_Cand,13,0,0,100,500,0,0,0,0.95,0,2020,9.72,25845.375,7.430545313,0,0,50,0.08,0.034,0,0,0,0,2093,73
486,123_Gas_CT_Cand,123,Austen,Gas_CT_Cand,13,0,0,100,500,0,0,0,0.95,0,2020,9.72,25845.375,7.430545313,0,0,50,0.08,0.034,0,0,0,0,2093,73
487,207_Gas_CT_Cand,207,Baker,Gas_CT_Cand,13,0,0,100,500,0,0,0,0.95,0,2020,9.72,25845.375,7.430545313,0,0,50,0.08,0.034,0,0,0,0,2093,73
488,213_Gas_CT_Cand,213,Barlow,Gas_CT_Cand,13,0,0,100,500,0,0,0,0.95,0,2020,9.72,25845.375,7.430545313,0,0,50,0.08,0.034,0,0,0,0,2093,73
489,215_Gas_CT_Cand,215,Barton,Gas_CT_Cand,13,0,0,100,500,0,0,0,0.95,0,2020,9.72,25845.375,7.430545313,0,0,50,0.08,0.034,0,0,0,0,2093,73
490,218_Gas_CT_Cand,218,Bayle,Gas_CT_Cand,13,0,0,100,500,0,0,0,0.95,0,2020,9.72,25845.375,7.430545313,0,0,50,0.08,0.034,0,0,0,0,2093,73
491,221_Gas_CT_Cand,221,Behring,Gas_CT_Cand,13,0,0,100,500,0,0,0,0.95,0,2020,9.72,25845.375,7.430545313,0,0,50,0.08,0.034,0,0,0,0,2093,73
492,223_Gas_CT_Cand,223,Bloch,Gas_CT_Cand,13,0,0,100,500,0,0,0,0.95,0,2020,9.72,25845.375,7.430545313,0,0,50,0.08,0.034,0,0,0,0,2093,73
493,301_Gas_CT_Cand,301,Cabell,Gas_CT_Cand,13,0,0,100,500,0,0,0,0.95,0,2020,9.72,25845.375,7.430545313,0,0,50,0.08,0.034,0,0,0,0,2093,73
494,302_Gas_CT_Cand,302,Cabot,Gas_CT_Cand,13,0,0,100,500,0,0,0,0.95,0,2020,9.72,25845.375,7.430545313,0,0,50,0.08,0.034,0,0,0,0,2093,73
495,307_Gas_CT_Cand,307,Carew,Gas_CT_Cand,13,0,0,100,500,0,0,0,0.95,0,2020,9.72,25845.375,7.430545313,0,0,50,0.08,0.034,0,0,0,0,2093,73
496,313_Gas_CT_Cand,313,Cecil,Gas_CT_Cand,13,0,0,100,500,0,0,0,0.95,0,2020,9.72,25845.375,7.430545313,0,0,50,0.08,0.034,0,0,0,0,2093,73
497,315_Gas_CT_Cand,315,Chase,Gas_CT_Cand,13,0,0,100,500,0,0,0,0.95,0,2020,9.72,25845.375,7.430545313,0,0,50,0.08,0.034,0,0,0,0,2093,73
498,318_Gas_CT_Cand,318,Clark,Gas_CT_Cand,13,0,0,100,500,0,0,0,0.95,0,2020,9.72,25845.375,7.430545313,0,0,50,0.08,0.034,0,0,0,0,2093,73
499,321_Gas_CT_Cand,321,Cobb,Gas_CT_Cand,13,0,0,100,500,0,0,0,0.95,0,2020,9.72,25845.375,7.430545313,0,0,50,0.08,0.034,0,0,0,0,2093,73
500,323_Gas_CT_Cand,323,Comte,Gas_CT_Cand,13,0,0,100,500,0,0,0,0.95,0,2020,9.72,25845.375,7.430545313,0,0,50,0.08,0.034,0,0,0,0,2093,73
501,322_Gas_CT_Cand,322,Cole,Gas_CT_Cand,13,0,0,100,500,0,0,0,0.95,0,2020,9.72,25845.375,7.430545313,0,0,50,0.08,0.034,0,0,0,0,2093,73
502,107_Gas_CC_Cand,107,Alder,Gas_CC_Cand,14,0,0,100,500,0,0,0,0.95,0,2020,6.08,32306.71875,2.046092188,0,0,50,0.05,0.033,0,0,0,0,1603,55
503,113_Gas_CC_Cand,113,Arne,Gas_CC_Cand,14,0,0,100,500,0,0,0,0.95,0,2020,6.08,32306.71875,2.046092188,0,0,50,0.05,0.033,0,0,0,0,1603,55
504,118_Gas_CC_Cand,118,Astor,Gas_CC_Cand,14,0,0,100,500,0,0,0,0.95,0,2020,6.08,32306.71875,2.046092188,0,0,50,0.05,0.033,0,0,0,0,1603,55
505,123_Gas_CC_Cand,123,Austen,Gas_CC_Cand,14,0,0,100,500,0,0,0,0.95,0,2020,6.08,32306.71875,2.046092188,0,0,50,0.05,0.033,0,0,0,0,1603,55
506,207_Gas_CC_Cand,207,Baker,Gas_CC_Cand,14,0,0,100,500,0,0,0,0.95,0,2020,6.08,32306.71875,2.046092188,0,0,50,0.05,0.033,0,0,0,0,1603,55
507,213_Gas_CC_Cand,213,Barlow,Gas_CC_Cand,14,0,0,100,500,0,0,0,0.95,0,2020,6.08,32306.71875,2.046092188,0,0,50,0.05,0.033,0,0,0,0,1603,55
508,215_Gas_CC_Cand,215,Barton,Gas_CC_Cand,14,0,0,100,500,0,0,0,0.95,0,2020,6.08,32306.71875,2.046092188,0,0,50,0.05,0.033,0,0,0,0,1603,55
509,218_Gas_CC_Cand,218,Bayle,Gas_CC_Cand,14,0,0,100,500,0,0,0,0.95,0,2020,6.08,32306.71875,2.046092188,0,0,50,0.05,0.033,0,0,0,0,1603,55
510,221_Gas_CC_Cand,221,Behring,Gas_CC_Cand,14,0,0,100,500,0,0,0,0.95,0,2020,6.08,32306.71875,2.046092188,0,0,50,0.05,0.033,0,0,0,0,1603,55
511,223_Gas_CC_Cand,223,Bloch,Gas_CC_Cand,14,0,0,100,500,0,0,0,0.95,0,2020,6.08,32306.71875,2.046092188,0,0,50,0.05,0.033,0,0,0,0,1603,55
512,301_Gas_CC_Cand,301,Cabell,Gas_CC_Cand,14,0,0,100,500,0,0,0,0.95,0,2020,6.08,32306.71875,2.046092188,0,0,50,0.05,0.033,0,0,0,0,1603,55
513,302_Gas_CC_Cand,302,Cabot,Gas_CC_Cand,14,0,0,100,500,0,0,0,0.95,0,2020,6.08,32306.71875,2.046092188,0,0,50,0.05,0.033,0,0,0,0,1603,55
514,307_Gas_CC_Cand,307,Carew,Gas_CC_Cand,14,0,0,100,500,0,0,0,0.95,0,2020,6.08,32306.71875,2.046092188,0,0,50,0.05,0.033,0,0,0,0,1603,55
515,313_Gas_CC_Cand,313,Cecil,Gas_CC_Cand,14,0,0,100,500,0,0,0,0.95,0,2020,6.08,32306.71875,2.046092188,0,0,50,0.05,0.033,0,0,0,0,1603,55
516,315_Gas_CC_Cand,315,Chase,Gas_CC_Cand,14,0,0,100,500,0,0,0,0.95,0,2020,6.08,32306.71875,2.046092188,0,0,50,0.05,0.033,0,0,0,0,1603,55
517,318_Gas_CC_Cand,318,Clark,Gas_CC_Cand,14,0,0,100,500,0,0,0,0.95,0,2020,6.08,32306.71875,2.046092188,0,0,50,0.05,0.033,0,0,0,0,1603,55
518,321_Gas_CC_Cand,321,Cobb,Gas_CC_Cand,14,0,0,100,500,0,0,0,0.95,0,2020,6.08,32306.71875,2.046092188,0,0,50,0.05,0.033,0,0,0,0,1603,55
519,323_Gas_CC_Cand,323,Comte,Gas_CC_Cand,14,0,0,100,500,0,0,0,0.95,0,2020,6.08,32306.71875,2.046092188,0,0,50,0.05,0.033,0,0,0,0,1603,55
520,322_Gas_CC_Cand,322,Cole,Gas_CC_Cand,14,0,0,100,500,0,0,0,0.95,0,2020,6.08,32306.71875,2.046092188,0,0,50,0.05,0.033,0,0,0,0,1603,55
521,107_SMR_Cand,107,Alder,SMR_Cand,32,0,0,100,500,0,0,0,0.95,0,2030,9.18,136000,2.6,0,0,50,0.05,0.018,0,0,0,0,9731,183
522,113_SMR_Cand,113,Arne,SMR_Cand,32,0,0,100,500,0,0,0,0.95,0,2030,9.18,136000,2.6,0,0,50,0.05,0.018,0,0,0,0,9731,183
523,118_SMR_Cand,118,Astor,SMR_Cand,32,0,0,100,500,0,0,0,0.95,0,2030,9.18,136000,2.6,0,0,50,0.05,0.018,0,0,0,0,9731,183
524,123_SMR_Cand,123,Austen,SMR_Cand,32,0,0,100,500,0,0,0,0.95,0,2030,9.18,136000,2.6,0,0,50,0.05,0.018,0,0,0,0,9731,183
525,207_SMR_Cand,207,Baker,SMR_Cand,32,0,0,100,500,0,0,0,0.95,0,2030,9.18,136000,2.6,0,0,50,0.05,0.018,0,0,0,0,9731,183
526,213_SMR_Cand,213,Barlow,SMR_Cand,32,0,0,100,500,0,0,0,0.95,0,2030,9.18,136000,2.6,0,0,50,0.05,0.018,0,0,0,0,9731,183
527,215_SMR_Cand,215,Barton,SMR_Cand,32,0,0,100,500,0,0,0,0.95,0,2030,9.18,136000,2.6,0,0,50,0.05,0.018,0,0,0,0,9731,183
528,218_SMR_Cand,218,Bayle,SMR_Cand,32,0,0,100,500,0,0,0,0.95,0,2030,9.18,136000,2.6,0,0,50,0.05,0.018,0,0,0,0,9731,183
529,221_SMR_Cand,221,Behring,SMR_Cand,32,0,0,100,500,0,0,0,0.95,0,2030,9.18,136000,2.6,0,0,50,0.05,0.018,0,0,0,0,9731,183
530,223_SMR_Cand,223,Bloch,SMR_Cand,32,0,0,100,500,0,0,0,0.95,0,2030,9.18,136000,2.6,0,0,50,0.05,0.018,0,0,0,0,9731,183
531,301_SMR_Cand,301,Cabell,SMR_Cand,32,0,0,100,500,0,0,0,0.95,0,2030,9.18,136000,2.6,0,0,50,0.05,0.018,0,0,0,0,9731,183
532,302_SMR_Cand,302,Cabot,SMR_Cand,32,0,0,100,500,0,0,0,0.95,0,2030,9.18,136000,2.6,0,0,50,0.05,0.018,0,0,0,0,9731,183
533,307_SMR_Cand,307,Carew,SMR_Cand,32,0,0,100,500,0,0,0,0.95,0,2030,9.18,136000,2.6,0,0,50,0.05,0.018,0,0,0,0,9731,183
534,313_SMR_Cand,313,Cecil,SMR_Cand,32,0,0,100,500,0,0,0,0.95,0,2030,9.18,136000,2.6,0,0,50,0.05,0.018,0,0,0,0,9731,183
535,315_SMR_Cand,315,Chase,SMR_Cand,32,0,0,100,500,0,0,0,0.95,0,2030,9.18,136000,2.6,0,0,50,0.05,0.018,0,0,0,0,9731,183
536,318_SMR_Cand,318,Clark,SMR_Cand,32,0,0,100,500,0,0,0,0.95,0,2030,9.18,136000,2.6,0,0,50,0.05,0.018,0,0,0,0,9731,183
537,321_SMR_Cand,321,Cobb,SMR_Cand,32,0,0,100,500,0,0,0,0.95,0,2030,9.18,136000,2.6,0,0,50,0.05,0.018,0,0,0,0,9731,183
538,323_SMR_Cand,323,Comte,SMR_Cand,32,0,0,100,500,0,0,0,0.95,0,2030,9.18,136000,2.6,0,0,50,0.05,0.018,0,0,0,0,9731,183
539,322_SMR_Cand,322,Cole,SMR_Cand,32,0,0,100,500,0,0,0,0.95,0,2030,9.18,136000,2.6,0,0,50,0.05,0.018,0,0,0,0,9731,183
