Gen_num,Gen_name,Bus_num,Bus,Tech,Tech_Num,LAT,LON
1,101_Oil_CT_1,101,Abel,Oil_CT,5,33.3961032628,-113.835641977
2,101_Oil_CT_2,101,Abel,Oil_CT,5,33.3961032628,-113.835641977
3,101_Coal_1,101,Abel,Coal,2,33.3961032628,-113.835641977
4,101_Coal_2,101,Abel,Coal,2,33.3961032628,-113.835641977
5,101_PV_1,101,Abel,Solar,8,33.3961032628,-113.835641977
6,101_PV_2,101,Abel,Solar,8,33.3961032628,-113.835641977
7,101_PV_3,101,Abel,Solar,8,33.3961032628,-113.835641977
8,101_PV_4,101,Abel,Solar,8,33.3961032628,-113.835641977
9,102_Oil_CT_1,102,Adams,Oil_CT,5,33.3576784424,-113.825933492
10,102_Oil_CT_2,102,Adams,Oil_CT,5,33.3576784424,-113.825933492
11,102_Coal_1,102,Adams,Coal,2,33.3576784424,-113.825933492
12,102_Coal_2,102,Adams,Coal,2,33.3576784424,-113.825933492
13,102_PV_1,102,Adams,Solar,8,33.3576784424,-113.825933492
14,102_PV_2,102,Adams,Solar,8,33.3576784424,-113.825933492
15,103_PV_1,103,Adler,Solar,8,33.5368328224,-114.670399127
16,104_PV_1,104,Agricola,Solar,8,33.8123035235,-113.825419052
17,107_Gas_CC_1,107,Alder,Gas_CC,4,34.6972619565,-113.701308807
18,113_Gas_CT_1,113,Arne,Gas_CT,3,34.3542803354,-114.274656952
19,113_Gas_CT_2,113,Arne,Gas_CT,3,34.3542803354,-114.274656952
20,113_Gas_CT_3,113,Arne,Gas_CT,3,34.3542803354,-114.274656952
21,113_Gas_CT_4,113,Arne,Gas_CT,3,34.3542803354,-114.274656952
22,113_PV_1,113,Arne,Solar,8,34.3542803354,-114.274656952
23,115_Oil_ST_1,115,Arthur,Oil_ST,6,33.5061837182,-115.329508431
24,115_Oil_ST_2,115,Arthur,Oil_ST,6,33.5061837182,-115.329508431
25,115_Coal_1,115,Arthur,Coal,2,33.5061837182,-115.329508431
26,116_Coal_1,116,Asser,Coal,2,33.661031241,-115.321058013
27,118_Gas_CC_1,118,Astor,Gas_CC,4,33.5445308225,-115.799955998
28,119_PV_1,119,Attar,Solar,8,33.8690789137,-115.369130552
29,121_Nuclear_1,121,Attlee,Nuclear,1,33.5271214704,-116.070777995
30,122_Hydro_1,122,Aubrey,Hydro,11,32.8188640659,-116.324347339
31,122_Hydro_2,122,Aubrey,Hydro,11,32.8188640659,-116.324347339
32,122_Hydro_3,122,Aubrey,Hydro,11,32.8188640659,-116.324347339
33,122_Hydro_4,122,Aubrey,Hydro,11,32.8188640659,-116.324347339
34,122_Hydro_5,122,Aubrey,Hydro,11,32.8188640659,-116.324347339
35,122_Hydro_6,122,Aubrey,Hydro,11,32.8188640659,-116.324347339
36,122_Wind_1,122,Aubrey,Wind,7,32.8188640659,-116.324347339
37,123_Coal_1,123,Austen,Coal,2,34.382000271,-115.068788423
38,123_Coal_2,123,Austen,Coal,2,34.382000271,-115.068788423
39,123_Gas_CT_1,123,Austen,Gas_CT,3,34.382000271,-115.068788423
40,123_Gas_CT_2,123,Austen,Gas_CT,3,34.382000271,-115.068788423
41,123_Gas_CT_3,123,Austen,Gas_CT,3,34.382000271,-115.068788423
42,201_Oil_CT_1,201,Bach,Oil_CT,5,36.2556635986,-113.721495941
43,201_Oil_CT_2,201,Bach,Oil_CT,5,36.2556635986,-113.721495941
44,201_Coal_1,201,Bach,Coal,2,36.2556635986,-113.721495941
45,201_Hydro_1,201,Bach,Hydro,11,36.2556635986,-113.721495941
46,202_Oil_CT_1,202,Bacon,Oil_CT,5,36.2899625624,-113.745998474
47,202_Oil_CT_2,202,Bacon,Oil_CT,5,36.2899625624,-113.745998474
48,202_Coal_1,202,Bacon,Coal,2,36.2899625624,-113.745998474
49,202_Coal_2,202,Bacon,Coal,2,36.2899625624,-113.745998474
50,207_Gas_CT_1,207,Baker,Gas_CT,3,36.0524666349,-113.082849386
51,207_Gas_CT_2,207,Baker,Gas_CT,3,36.0524666349,-113.082849386
52,213_Gas_CC_1,213,Barlow,Gas_CC,4,36.1460954035,-114.622896434
53,213_Gas_CT_1,213,Barlow,Gas_CT,3,36.1460954035,-114.622896434
54,213_Gas_CT_2,213,Barlow,Gas_CT,3,36.1460954035,-114.622896434
55,215_Gas_CT_1,215,Barton,Gas_CT,3,35.148590889,-114.575774314
56,215_Gas_CT_1,215,Barton,Gas_CT,3,35.148590889,-114.575774314
57,215_Hydro_1,215,Barton,Hydro,11,35.148590889,-114.575774314
58,215_Hydro_2,215,Barton,Hydro,11,35.148590889,-114.575774314
59,215_Hydro_3,215,Barton,Hydro,11,35.148590889,-114.575774314
60,215_PV_1,215,Barton,Solar,8,35.148590889,-114.575774314
61,216_Coal_1,216,Basov,Coal,2,35.261489569,-114.730762649
62,218_Gas_CC_1,218,Bayle,Gas_CC,4,35.1149069391,-115.077882263
63,221_Gas_CC_1,221,Behring,Gas_CC,4,35.3163216007,-115.197942427
64,222_Hydro_1,222,Bell,Hydro,11,36.3309810416,-115.2902095
65,222_Hydro_2,222,Bell,Hydro,11,36.3309810416,-115.2902095
66,222_Hydro_3,222,Bell,Hydro,11,36.3309810416,-115.2902095
67,222_Hydro_4,222,Bell,Hydro,11,36.3309810416,-115.2902095
68,222_Hydro_5,222,Bell,Hydro,11,36.3309810416,-115.2902095
69,222_Hydro_6,222,Bell,Hydro,11,36.3309810416,-115.2902095
70,223_Coal_1,223,Bloch,Coal,2,35.824349648,-115.536445586
71,223_Coal_2,223,Bloch,Coal,2,35.824349648,-115.536445586
72,223_Coal_3,223,Bloch,Coal,2,35.824349648,-115.536445586
73,223_Gas_CT_1,223,Bloch,Gas_CT,3,35.824349648,-115.536445586
74,223_Gas_CT_2,223,Bloch,Gas_CT,3,35.824349648,-115.536445586
75,223_Gas_CT_3,223,Bloch,Gas_CT,3,35.824349648,-115.536445586
76,301_Oil_CT_1,301,Cabell,Oil_CT,5,35.0475821979,-118.821765372
77,301_Oil_CT_2,301,Cabell,Oil_CT,5,35.0475821979,-118.821765372
78,301_Gas_CT_1,301,Cabell,Gas_CT,3,35.0475821979,-118.821765372
79,301_Gas_CT_2,301,Cabell,Gas_CT,3,35.0475821979,-118.821765372
80,302_Oil_CT_1,302,Cabot,Oil_CT,5,35.0299368836,-118.86485954
81,302_Oil_CT_2,302,Cabot,Oil_CT,5,35.0299368836,-118.86485954
82,302_Gas_CT_1,302,Cabot,Gas_CT,3,35.0299368836,-118.86485954
83,302_Gas_CT_2,302,Cabot,Gas_CT,3,35.0299368836,-118.86485954
84,303_Wind_1,303,Caesar,Wind,7,35.2175425288,-118.043549932
85,307_Gas_CT_1,307,Carew,Gas_CT,3,34.1012656245,-118.878177963
86,307_Gas_CT_2,307,Carew,Gas_CT,3,34.1012656245,-118.878177963
87,309_Wind_1,309,Carter,Wind,7,34.7357579346,-118.127342032
88,310_PV_1,310,Caruso,Solar,8,34.7293159072,-118.104524763
89,310_PV_2,310,Caruso,Solar,8,34.7293159072,-118.104524763
90,312_PV_1,312,Caxton,Solar,8,34.7229630722,-118.119887368
91,313_Gas_CC_1,313,Cecil,Gas_CC,4,34.2652681351,-118.018855064
92,313_PV_1,313,Cecil,Solar,8,34.2652681351,-118.018855064
93,313_PV_2,313,Cecil,Solar,8,34.2652681351,-118.018855064
94,313_ES_1,313,Cecil,ES,10,34.2652681351,-118.018855064
95,314_PV_1,314,Chain,Solar,8,34.9449642304,-117.684879151
96,314_PV_2,314,Chain,Solar,8,34.9449642304,-117.684879151
97,314_PV_3,314,Chain,Solar,8,34.9449642304,-117.684879151
98,314_PV_4,314,Chain,Solar,8,34.9449642304,-117.684879151
99,315_Oil_ST_1,315,Chase,Oil_ST,6,35.2659701248,-117.386433534
100,315_Oil_ST_2,315,Chase,Oil_ST,6,35.2659701248,-117.386433534
101,315_Oil_ST_3,315,Chase,Oil_ST,6,35.2659701248,-117.386433534
102,315_Oil_ST_4,315,Chase,Oil_ST,6,35.2659701248,-117.386433534
103,315_Oil_ST_5,315,Chase,Oil_ST,6,35.2659701248,-117.386433534
104,315_Gas_CT_1,315,Chase,Gas_CT,3,35.2659701248,-117.386433534
105,315_Gas_CT_2,315,Chase,Gas_CT,3,35.2659701248,-117.386433534
106,315_Gas_CT_3,315,Chase,Gas_CT,3,35.2659701248,-117.386433534
107,316_Coal_1,316,Chifa,Coal,2,35.138367105,-117.25158864
108,317_Wind_1,317,Chuhsi,Wind,7,35.3784334079,-117.055829458
109,318_Gas_CC_1,318,Clark,Gas_CC,4,35.5058132288,-116.976571399
110,319_PV_1,319,Clay,Solar,8,34.9176311996,-117.124419518
111,320_PV_1,320,Clive,Solar,8,34.4624656255,-117.063508273
112,321_Gas_CC_1,321,Cobb,Gas_CC,4,35.7453443807,-117.115362793
113,322_Gas_CT_1,322,Cole,Gas_CT,3,36.4389584791,-117.485271734
114,322_Gas_CT_2,322,Cole,Gas_CT,3,36.4389584791,-117.485271734
115,322_Hydro_1,322,Cole,Hydro,11,36.4389584791,-117.485271734
116,322_Hydro_2,322,Cole,Hydro,11,36.4389584791,-117.485271734
117,322_Hydro_3,322,Cole,Hydro,11,36.4389584791,-117.485271734
118,322_Hydro_4,322,Cole,Hydro,11,36.4389584791,-117.485271734
119,323_Gas_CC_1,323,Comte,Gas_CC,4,34.2530033694,-117.113221062
120,323_Gas_CC_2,323,Comte,Gas_CC,4,34.2530033694,-117.113221062
121,324_PV_1,324,Curie,Solar,8,35.2065818224,-118.034816846
122,324_PV_2,324,Curie,Solar,8,35.2065818224,-118.034816846
123,324_PV_2,324,Curie,Solar,8,35.2065818224,-118.034816846
124,101_Solar_Cand,101,Abel,Solar_Cand,16,33.3961032628,-113.835641977
125,102_Solar_Cand,102,Adams,Solar_Cand,16,33.3576784424,-113.825933492
126,103_Solar_Cand,103,Adler,Solar_Cand,16,33.5368328224,-114.670399127
127,104_Solar_Cand,104,Agricola,Solar_Cand,16,33.8123035235,-113.825419052
128,105_Solar_Cand,105,Aiken,Solar_Cand,16,33.6595598392,-113.999023095
129,106_Solar_Cand,106,Alber,Solar_Cand,16,33.7380364461,-114.181924176
130,107_Solar_Cand,107,Alder,Solar_Cand,16,34.6972619565,-113.701308807
131,108_Solar_Cand,108,Alger,Solar_Cand,16,34.4592107958,-113.761643582
132,109_Solar_Cand,109,Ali,Solar_Cand,16,33.9204362729,-114.308280962
133,110_Solar_Cand,110,Allen,Solar_Cand,16,33.91279307,-114.292964553
134,111_Solar_Cand,111,Anna,Solar_Cand,16,33.9043860736,-114.301117722
135,112_Solar_Cand,112,Archer,Solar_Cand,16,33.9108660143,-114.313402427
136,113_Solar_Cand,113,Arne,Solar_Cand,16,34.3542803354,-114.274656952
137,114_Solar_Cand,114,Arnold,Solar_Cand,16,33.7770860921,-114.819911267
138,115_Solar_Cand,115,Arthur,Solar_Cand,16,33.5061837182,-115.329508431
139,116_Solar_Cand,116,Asser,Solar_Cand,16,33.661031241,-115.321058013
140,117_Solar_Cand,117,Aston,Solar_Cand,16,33.5752325484,-115.640808726
141,118_Solar_Cand,118,Astor,Solar_Cand,16,33.5445308225,-115.799955998
142,119_Solar_Cand,119,Attar,Solar_Cand,16,33.8690789137,-115.369130552
143,120_Solar_Cand,120,Attila,Solar_Cand,16,34.2445785929,-115.262469926
144,121_Solar_Cand,121,Attlee,Solar_Cand,16,33.5271214704,-116.070777995
145,122_Solar_Cand,122,Aubrey,Solar_Cand,16,32.8188640659,-116.324347339
146,123_Solar_Cand,123,Austen,Solar_Cand,16,34.382000271,-115.068788423
147,124_Solar_Cand,124,Avery,Solar_Cand,16,33.5429650607,-114.656488278
148,201_Solar_Cand,201,Bach,Solar_Cand,16,36.2556635986,-113.721495941
149,202_Solar_Cand,202,Bacon,Solar_Cand,16,36.2899625624,-113.745998474
150,203_Solar_Cand,203,Baffin,Solar_Cand,16,35.3544022625,-113.975933629
151,204_Solar_Cand,204,Bailey,Solar_Cand,16,36.1902923135,-114.221868153
152,205_Solar_Cand,205,Bain,Solar_Cand,16,36.0792295088,-113.983041183
153,206_Solar_Cand,206,Bajer,Solar_Cand,16,35.787397173,-113.890346787
154,207_Solar_Cand,207,Baker,Solar_Cand,16,36.0524666349,-113.082849386
155,208_Solar_Cand,208,Balch,Solar_Cand,16,35.9338142079,-113.317701119
156,209_Solar_Cand,209,Balzac,Solar_Cand,16,35.8051073259,-114.150832502
157,210_Solar_Cand,210,Banks,Solar_Cand,16,35.7878234078,-114.162881451
158,211_Solar_Cand,211,Bardeen,Solar_Cand,16,35.8014848281,-114.167551621
159,212_Solar_Cand,212,Barkla,Solar_Cand,16,35.7914453835,-114.146165073
160,213_Solar_Cand,213,Barlow,Solar_Cand,16,36.1460954035,-114.622896434
161,214_Solar_Cand,214,Barry,Solar_Cand,16,35.5676111304,-114.492568426
162,215_Solar_Cand,215,Barton,Solar_Cand,16,35.148590889,-114.575774314
163,216_Solar_Cand,216,Basov,Solar_Cand,16,35.261489569,-114.730762649
164,217_Solar_Cand,217,Bates,Solar_Cand,16,35.0877489009,-114.921163573
165,218_Solar_Cand,218,Bayle,Solar_Cand,16,35.1149069391,-115.077882263
166,219_Solar_Cand,219,Bede,Solar_Cand,16,35.4192172019,-114.979181721
167,220_Solar_Cand,220,Beethoven,Solar_Cand,16,35.6466955481,-115.446586888
168,221_Solar_Cand,221,Behring,Solar_Cand,16,35.3163216007,-115.197942427
169,222_Solar_Cand,222,Bell,Solar_Cand,16,36.3309810416,-115.2902095
170,223_Solar_Cand,223,Bloch,Solar_Cand,16,35.824349648,-115.536445586
171,224_Solar_Cand,224,Bordet,Solar_Cand,16,35.356437515,-113.960252513
172,301_Solar_Cand,301,Cabell,Solar_Cand,16,35.0475821979,-118.821765372
173,302_Solar_Cand,302,Cabot,Solar_Cand,16,35.0299368836,-118.86485954
174,303_Solar_Cand,303,Caesar,Solar_Cand,16,35.2175425288,-118.043549932
175,304_Solar_Cand,304,Caine,Solar_Cand,16,34.6320914545,-118.563585314
176,305_Solar_Cand,305,Calvin,Solar_Cand,16,34.8738848798,-118.510487334
177,306_Solar_Cand,306,Camus,Solar_Cand,16,34.8871676415,-118.276199699
178,307_Solar_Cand,307,Carew,Solar_Cand,16,34.1012656245,-118.878177963
179,308_Solar_Cand,308,Carrel,Solar_Cand,16,34.2247178422,-118.654257924
180,309_Solar_Cand,309,Carter,Solar_Cand,16,34.7357579346,-118.127342032
181,310_Solar_Cand,310,Caruso,Solar_Cand,16,34.7293159072,-118.104524763
182,311_Solar_Cand,311,Cary,Solar_Cand,16,34.7420938654,-118.111933172
183,312_Solar_Cand,312,Caxton,Solar_Cand,16,34.7229630722,-118.119887368
184,313_Solar_Cand,313,Cecil,Solar_Cand,16,34.2652681351,-118.018855064
185,314_Solar_Cand,314,Chain,Solar_Cand,16,34.9449642304,-117.684879151
186,315_Solar_Cand,315,Chase,Solar_Cand,16,35.2659701248,-117.386433534
187,316_Solar_Cand,316,Chifa,Solar_Cand,16,35.138367105,-117.25158864
188,317_Solar_Cand,317,Chuhsi,Solar_Cand,16,35.3784334079,-117.055829458
189,318_Solar_Cand,318,Clark,Solar_Cand,16,35.5058132288,-116.976571399
190,319_Solar_Cand,319,Clay,Solar_Cand,16,34.9176311996,-117.124419518
191,320_Solar_Cand,320,Clive,Solar_Cand,16,34.4624656255,-117.063508273
192,321_Solar_Cand,321,Cobb,Solar_Cand,16,35.7453443807,-117.115362793
193,322_Solar_Cand,322,Cole,Solar_Cand,16,36.4389584791,-117.485271734
194,323_Solar_Cand,323,Comte,Solar_Cand,16,34.2530033694,-117.113221062
195,324_Solar_Cand,324,Curie,Solar_Cand,16,35.2065818224,-118.034816846
196,325_Solar_Cand,325,Curtiss,Solar_Cand,16,34.2518913135,-117.128977233
197,101_Wind_Cand,101,Abel,Wind_Cand,15,33.3961032628,-113.835641977
198,102_Wind_Cand,102,Adams,Wind_Cand,15,33.3576784424,-113.825933492
199,103_Wind_Cand,103,Adler,Wind_Cand,15,33.5368328224,-114.670399127
200,104_Wind_Cand,104,Agricola,Wind_Cand,15,33.8123035235,-113.825419052
201,105_Wind_Cand,105,Aiken,Wind_Cand,15,33.6595598392,-113.999023095
202,106_Wind_Cand,106,Alber,Wind_Cand,15,33.7380364461,-114.181924176
203,107_Wind_Cand,107,Alder,Wind_Cand,15,34.6972619565,-113.701308807
204,108_Wind_Cand,108,Alger,Wind_Cand,15,34.4592107958,-113.761643582
205,109_Wind_Cand,109,Ali,Wind_Cand,15,33.9204362729,-114.308280962
206,110_Wind_Cand,110,Allen,Wind_Cand,15,33.91279307,-114.292964553
207,111_Wind_Cand,111,Anna,Wind_Cand,15,33.9043860736,-114.301117722
208,112_Wind_Cand,112,Archer,Wind_Cand,15,33.9108660143,-114.313402427
209,113_Wind_Cand,113,Arne,Wind_Cand,15,34.3542803354,-114.274656952
210,114_Wind_Cand,114,Arnold,Wind_Cand,15,33.7770860921,-114.819911267
211,115_Wind_Cand,115,Arthur,Wind_Cand,15,33.5061837182,-115.329508431
212,116_Wind_Cand,116,Asser,Wind_Cand,15,33.661031241,-115.321058013
213,117_Wind_Cand,117,Aston,Wind_Cand,15,33.5752325484,-115.640808726
214,118_Wind_Cand,118,Astor,Wind_Cand,15,33.5445308225,-115.799955998
215,119_Wind_Cand,119,Attar,Wind_Cand,15,33.8690789137,-115.369130552
216,120_Wind_Cand,120,Attila,Wind_Cand,15,34.2445785929,-115.262469926
217,121_Wind_Cand,121,Attlee,Wind_Cand,15,33.5271214704,-116.070777995
218,122_Wind_Cand,122,Aubrey,Wind_Cand,15,32.8188640659,-116.324347339
219,123_Wind_Cand,123,Austen,Wind_Cand,15,34.382000271,-115.068788423
220,124_Wind_Cand,124,Avery,Wind_Cand,15,33.5429650607,-114.656488278
221,201_Wind_Cand,201,Bach,Wind_Cand,15,36.2556635986,-113.721495941
222,202_Wind_Cand,202,Bacon,Wind_Cand,15,36.2899625624,-113.745998474
223,203_Wind_Cand,203,Baffin,Wind_Cand,15,35.3544022625,-113.975933629
224,204_Wind_Cand,204,Bailey,Wind_Cand,15,36.1902923135,-114.221868153
225,205_Wind_Cand,205,Bain,Wind_Cand,15,36.0792295088,-113.983041183
226,206_Wind_Cand,206,Bajer,Wind_Cand,15,35.787397173,-113.890346787
227,207_Wind_Cand,207,Baker,Wind_Cand,15,36.0524666349,-113.082849386
228,208_Wind_Cand,208,Balch,Wind_Cand,15,35.9338142079,-113.317701119
229,209_Wind_Cand,209,Balzac,Wind_Cand,15,35.8051073259,-114.150832502
230,210_Wind_Cand,210,Banks,Wind_Cand,15,35.7878234078,-114.162881451
231,211_Wind_Cand,211,Bardeen,Wind_Cand,15,35.8014848281,-114.167551621
232,212_Wind_Cand,212,Barkla,Wind_Cand,15,35.7914453835,-114.146165073
233,213_Wind_Cand,213,Barlow,Wind_Cand,15,36.1460954035,-114.622896434
234,214_Wind_Cand,214,Barry,Wind_Cand,15,35.5676111304,-114.492568426
235,215_Wind_Cand,215,Barton,Wind_Cand,15,35.148590889,-114.575774314
236,216_Wind_Cand,216,Basov,Wind_Cand,15,35.261489569,-114.730762649
237,217_Wind_Cand,217,Bates,Wind_Cand,15,35.0877489009,-114.921163573
238,218_Wind_Cand,218,Bayle,Wind_Cand,15,35.1149069391,-115.077882263
239,219_Wind_Cand,219,Bede,Wind_Cand,15,35.4192172019,-114.979181721
240,220_Wind_Cand,220,Beethoven,Wind_Cand,15,35.6466955481,-115.446586888
241,221_Wind_Cand,221,Behring,Wind_Cand,15,35.3163216007,-115.197942427
242,222_Wind_Cand,222,Bell,Wind_Cand,15,36.3309810416,-115.2902095
243,223_Wind_Cand,223,Bloch,Wind_Cand,15,35.824349648,-115.536445586
244,224_Wind_Cand,224,Bordet,Wind_Cand,15,35.356437515,-113.960252513
245,301_Wind_Cand,301,Cabell,Wind_Cand,15,35.0475821979,-118.821765372
246,302_Wind_Cand,302,Cabot,Wind_Cand,15,35.0299368836,-118.86485954
247,303_Wind_Cand,303,Caesar,Wind_Cand,15,35.2175425288,-118.043549932
248,304_Wind_Cand,304,Caine,Wind_Cand,15,34.6320914545,-118.563585314
249,305_Wind_Cand,305,Calvin,Wind_Cand,15,34.8738848798,-118.510487334
250,306_Wind_Cand,306,Camus,Wind_Cand,15,34.8871676415,-118.276199699
251,307_Wind_Cand,307,Carew,Wind_Cand,15,34.1012656245,-118.878177963
252,308_Wind_Cand,308,Carrel,Wind_Cand,15,34.2247178422,-118.654257924
253,309_Wind_Cand,309,Carter,Wind_Cand,15,34.7357579346,-118.127342032
254,310_Wind_Cand,310,Caruso,Wind_Cand,15,34.7293159072,-118.104524763
255,311_Wind_Cand,311,Cary,Wind_Cand,15,34.7420938654,-118.111933172
256,312_Wind_Cand,312,Caxton,Wind_Cand,15,34.7229630722,-118.119887368
257,313_Wind_Cand,313,Cecil,Wind_Cand,15,34.2652681351,-118.018855064
258,314_Wind_Cand,314,Chain,Wind_Cand,15,34.9449642304,-117.684879151
259,315_Wind_Cand,315,Chase,Wind_Cand,15,35.2659701248,-117.386433534
260,316_Wind_Cand,316,Chifa,Wind_Cand,15,35.138367105,-117.25158864
261,317_Wind_Cand,317,Chuhsi,Wind_Cand,15,35.3784334079,-117.055829458
262,318_Wind_Cand,318,Clark,Wind_Cand,15,35.5058132288,-116.976571399
263,319_Wind_Cand,319,Clay,Wind_Cand,15,34.9176311996,-117.124419518
264,320_Wind_Cand,320,Clive,Wind_Cand,15,34.4624656255,-117.063508273
265,321_Wind_Cand,321,Cobb,Wind_Cand,15,35.7453443807,-117.115362793
266,322_Wind_Cand,322,Cole,Wind_Cand,15,36.4389584791,-117.485271734
267,323_Wind_Cand,323,Comte,Wind_Cand,15,34.2530033694,-117.113221062
268,324_Wind_Cand,324,Curie,Wind_Cand,15,35.2065818224,-118.034816846
269,325_Wind_Cand,325,Curtiss,Wind_Cand,15,34.2518913135,-117.128977233
270,102_Li_Ion_Cand,102,Adams,Li_Ion_Cand,22,33.3576784424,-113.825933492
271,103_Li_Ion_Cand,103,Adler,Li_Ion_Cand,22,33.5368328224,-114.670399127
272,104_Li_Ion_Cand,104,Agricola,Li_Ion_Cand,22,33.8123035235,-113.825419052
273,107_Li_Ion_Cand,107,Alder,Li_Ion_Cand,22,34.6972619565,-113.701308807
274,113_Li_Ion_Cand,113,Arne,Li_Ion_Cand,22,34.3542803354,-114.274656952
275,115_Li_Ion_Cand,115,Arthur,Li_Ion_Cand,22,33.5061837182,-115.329508431
276,116_Li_Ion_Cand,116,Asser,Li_Ion_Cand,22,33.661031241,-115.321058013
277,118_Li_Ion_Cand,118,Astor,Li_Ion_Cand,22,33.5445308225,-115.799955998
278,119_Li_Ion_Cand,119,Attar,Li_Ion_Cand,22,33.8690789137,-115.369130552
279,121_Li_Ion_Cand,121,Attlee,Li_Ion_Cand,22,33.5271214704,-116.070777995
280,122_Li_Ion_Cand,122,Aubrey,Li_Ion_Cand,22,32.8188640659,-116.324347339
281,123_Li_Ion_Cand,123,Austen,Li_Ion_Cand,22,34.382000271,-115.068788423
282,201_Li_Ion_Cand,201,Bach,Li_Ion_Cand,22,36.2556635986,-113.721495941
283,202_Li_Ion_Cand,202,Bacon,Li_Ion_Cand,22,36.2899625624,-113.745998474
284,207_Li_Ion_Cand,207,Baker,Li_Ion_Cand,22,36.0524666349,-113.082849386
285,212_Li_Ion_Cand,212,Barkla,Li_Ion_Cand,22,35.7914453835,-114.146165073
286,213_Li_Ion_Cand,213,Barlow,Li_Ion_Cand,22,36.1460954035,-114.622896434
287,215_Li_Ion_Cand,215,Barton,Li_Ion_Cand,22,35.148590889,-114.575774314
288,216_Li_Ion_Cand,216,Basov,Li_Ion_Cand,22,35.261489569,-114.730762649
289,218_Li_Ion_Cand,218,Bayle,Li_Ion_Cand,22,35.1149069391,-115.077882263
290,221_Li_Ion_Cand,221,Behring,Li_Ion_Cand,22,35.3163216007,-115.197942427
291,222_Li_Ion_Cand,222,Bell,Li_Ion_Cand,22,36.3309810416,-115.2902095
292,223_Li_Ion_Cand,223,Bloch,Li_Ion_Cand,22,35.824349648,-115.536445586
293,301_Li_Ion_Cand,301,Cabell,Li_Ion_Cand,22,35.0475821979,-118.821765372
294,302_Li_Ion_Cand,302,Cabot,Li_Ion_Cand,22,35.0299368836,-118.86485954
295,303_Li_Ion_Cand,303,Caesar,Li_Ion_Cand,22,35.2175425288,-118.043549932
296,307_Li_Ion_Cand,307,Carew,Li_Ion_Cand,22,34.1012656245,-118.878177963
297,308_Li_Ion_Cand,308,Carrel,Li_Ion_Cand,22,34.2247178422,-118.654257924
298,309_Li_Ion_Cand,309,Carter,Li_Ion_Cand,22,34.7357579346,-118.127342032
299,310_Li_Ion_Cand,310,Caruso,Li_Ion_Cand,22,34.7293159072,-118.104524763
300,312_Li_Ion_Cand,312,Caxton,Li_Ion_Cand,22,34.7229630722,-118.119887368
301,313_Li_Ion_Cand,313,Cecil,Li_Ion_Cand,22,34.2652681351,-118.018855064
302,314_Li_Ion_Cand,314,Chain,Li_Ion_Cand,22,34.9449642304,-117.684879151
303,315_Li_Ion_Cand,315,Chase,Li_Ion_Cand,22,35.2659701248,-117.386433534
304,316_Li_Ion_Cand,316,Chifa,Li_Ion_Cand,22,35.138367105,-117.25158864
305,317_Li_Ion_Cand,317,Chuhsi,Li_Ion_Cand,22,35.3784334079,-117.055829458
306,318_Li_Ion_Cand,318,Clark,Li_Ion_Cand,22,35.5058132288,-116.976571399
307,319_Li_Ion_Cand,319,Clay,Li_Ion_Cand,22,34.9176311996,-117.124419518
308,320_Li_Ion_Cand,320,Clive,Li_Ion_Cand,22,34.4624656255,-117.063508273
309,321_Li_Ion_Cand,321,Cobb,Li_Ion_Cand,22,35.7453443807,-117.115362793
310,322_Li_Ion_Cand,322,Cole,Li_Ion_Cand,22,36.4389584791,-117.485271734
311,323_Li_Ion_Cand,323,Comte,Li_Ion_Cand,22,34.2530033694,-117.113221062
312,102_Flow_Cand,102,Adams,Flow_Cand,23,33.3576784424,-113.825933492
313,103_Flow_Cand,103,Adler,Flow_Cand,23,33.5368328224,-114.670399127
314,104_Flow_Cand,104,Agricola,Flow_Cand,23,33.8123035235,-113.825419052
315,107_Flow_Cand,107,Alder,Flow_Cand,23,34.6972619565,-113.701308807
316,113_Flow_Cand,113,Arne,Flow_Cand,23,34.3542803354,-114.274656952
317,115_Flow_Cand,115,Arthur,Flow_Cand,23,33.5061837182,-115.329508431
318,116_Flow_Cand,116,Asser,Flow_Cand,23,33.661031241,-115.321058013
319,118_Flow_Cand,118,Astor,Flow_Cand,23,33.5445308225,-115.799955998
320,119_Flow_Cand,119,Attar,Flow_Cand,23,33.8690789137,-115.369130552
321,121_Flow_Cand,121,Attlee,Flow_Cand,23,33.5271214704,-116.070777995
322,122_Flow_Cand,122,Aubrey,Flow_Cand,23,32.8188640659,-116.324347339
323,123_Flow_Cand,123,Austen,Flow_Cand,23,34.382000271,-115.068788423
324,201_Flow_Cand,201,Bach,Flow_Cand,23,36.2556635986,-113.721495941
325,202_Flow_Cand,202,Bacon,Flow_Cand,23,36.2899625624,-113.745998474
326,207_Flow_Cand,207,Baker,Flow_Cand,23,36.0524666349,-113.082849386
327,212_Flow_Cand,212,Barkla,Flow_Cand,23,35.7914453835,-114.146165073
328,213_Flow_Cand,213,Barlow,Flow_Cand,23,36.1460954035,-114.622896434
329,215_Flow_Cand,215,Barton,Flow_Cand,23,35.148590889,-114.575774314
330,216_Flow_Cand,216,Basov,Flow_Cand,23,35.261489569,-114.730762649
331,218_Flow_Cand,218,Bayle,Flow_Cand,23,35.1149069391,-115.077882263
332,221_Flow_Cand,221,Behring,Flow_Cand,23,35.3163216007,-115.197942427
333,222_Flow_Cand,222,Bell,Flow_Cand,23,36.3309810416,-115.2902095
334,223_Flow_Cand,223,Bloch,Flow_Cand,23,35.824349648,-115.536445586
335,301_Flow_Cand,301,Cabell,Flow_Cand,23,35.0475821979,-118.821765372
336,302_Flow_Cand,302,Cabot,Flow_Cand,23,35.0299368836,-118.86485954
337,303_Flow_Cand,303,Caesar,Flow_Cand,23,35.2175425288,-118.043549932
338,307_Flow_Cand,307,Carew,Flow_Cand,23,34.1012656245,-118.878177963
339,308_Flow_Cand,308,Carrel,Flow_Cand,23,34.2247178422,-118.654257924
340,309_Flow_Cand,309,Carter,Flow_Cand,23,34.7357579346,-118.127342032
341,310_Flow_Cand,310,Caruso,Flow_Cand,23,34.7293159072,-118.104524763
342,312_Flow_Cand,312,Caxton,Flow_Cand,23,34.7229630722,-118.119887368
343,313_Flow_Cand,313,Cecil,Flow_Cand,23,34.2652681351,-118.018855064
344,314_Flow_Cand,314,Chain,Flow_Cand,23,34.9449642304,-117.684879151
345,315_Flow_Cand,315,Chase,Flow_Cand,23,35.2659701248,-117.386433534
346,316_Flow_Cand,316,Chifa,Flow_Cand,23,35.138367105,-117.25158864
347,317_Flow_Cand,317,Chuhsi,Flow_Cand,23,35.3784334079,-117.055829458
348,318_Flow_Cand,318,Clark,Flow_Cand,23,35.5058132288,-116.976571399
349,319_Flow_Cand,319,Clay,Flow_Cand,23,34.9176311996,-117.124419518
350,320_Flow_Cand,320,Clive,Flow_Cand,23,34.4624656255,-117.063508273
351,321_Flow_Cand,321,Cobb,Flow_Cand,23,35.7453443807,-117.115362793
352,322_Flow_Cand,322,Cole,Flow_Cand,23,36.4389584791,-117.485271734
353,323_Flow_Cand,323,Comte,Flow_Cand,23,34.2530033694,-117.113221062
354,102_Therm_Cand,102,Adams,Therm_Cand,26,33.3576784424,-113.825933492
355,103_Therm_Cand,103,Adler,Therm_Cand,26,33.5368328224,-114.670399127
356,104_Therm_Cand,104,Agricola,Therm_Cand,26,33.8123035235,-113.825419052
357,107_Therm_Cand,107,Alder,Therm_Cand,26,34.6972619565,-113.701308807
358,113_Therm_Cand,113,Arne,Therm_Cand,26,34.3542803354,-114.274656952
359,115_Therm_Cand,115,Arthur,Therm_Cand,26,33.5061837182,-115.329508431
360,116_Therm_Cand,116,Asser,Therm_Cand,26,33.661031241,-115.321058013
361,118_Therm_Cand,118,Astor,Therm_Cand,26,33.5445308225,-115.799955998
362,119_Therm_Cand,119,Attar,Therm_Cand,26,33.8690789137,-115.369130552
363,121_Therm_Cand,121,Attlee,Therm_Cand,26,33.5271214704,-116.070777995
364,122_Therm_Cand,122,Aubrey,Therm_Cand,26,32.8188640659,-116.324347339
365,123_Therm_Cand,123,Austen,Therm_Cand,26,34.382000271,-115.068788423
366,201_Therm_Cand,201,Bach,Therm_Cand,26,36.2556635986,-113.721495941
367,202_Therm_Cand,202,Bacon,Therm_Cand,26,36.2899625624,-113.745998474
368,207_Therm_Cand,207,Baker,Therm_Cand,26,36.0524666349,-113.082849386
369,212_Therm_Cand,212,Barkla,Therm_Cand,26,35.7914453835,-114.146165073
370,213_Therm_Cand,213,Barlow,Therm_Cand,26,36.1460954035,-114.622896434
371,215_Therm_Cand,215,Barton,Therm_Cand,26,35.148590889,-114.575774314
372,216_Therm_Cand,216,Basov,Therm_Cand,26,35.261489569,-114.730762649
373,218_Therm_Cand,218,Bayle,Therm_Cand,26,35.1149069391,-115.077882263
374,221_Therm_Cand,221,Behring,Therm_Cand,26,35.3163216007,-115.197942427
375,222_Therm_Cand,222,Bell,Therm_Cand,26,36.3309810416,-115.2902095
376,223_Therm_Cand,223,Bloch,Therm_Cand,26,35.824349648,-115.536445586
377,301_Therm_Cand,301,Cabell,Therm_Cand,26,35.0475821979,-118.821765372
378,302_Therm_Cand,302,Cabot,Therm_Cand,26,35.0299368836,-118.86485954
379,303_Therm_Cand,303,Caesar,Therm_Cand,26,35.2175425288,-118.043549932
380,307_Therm_Cand,307,Carew,Therm_Cand,26,34.1012656245,-118.878177963
381,308_Therm_Cand,308,Carrel,Therm_Cand,26,34.2247178422,-118.654257924
382,309_Therm_Cand,309,Carter,Therm_Cand,26,34.7357579346,-118.127342032
383,310_Therm_Cand,310,Caruso,Therm_Cand,26,34.7293159072,-118.104524763
384,312_Therm_Cand,312,Caxton,Therm_Cand,26,34.7229630722,-118.119887368
385,313_Therm_Cand,313,Cecil,Therm_Cand,26,34.2652681351,-118.018855064
386,314_Therm_Cand,314,Chain,Therm_Cand,26,34.9449642304,-117.684879151
387,315_Therm_Cand,315,Chase,Therm_Cand,26,35.2659701248,-117.386433534
388,316_Therm_Cand,316,Chifa,Therm_Cand,26,35.138367105,-117.25158864
389,317_Therm_Cand,317,Chuhsi,Therm_Cand,26,35.3784334079,-117.055829458
390,318_Therm_Cand,318,Clark,Therm_Cand,26,35.5058132288,-116.976571399
391,319_Therm_Cand,319,Clay,Therm_Cand,26,34.9176311996,-117.124419518
392,320_Therm_Cand,320,Clive,Therm_Cand,26,34.4624656255,-117.063508273
393,321_Therm_Cand,321,Cobb,Therm_Cand,26,35.7453443807,-117.115362793
394,322_Therm_Cand,322,Cole,Therm_Cand,26,36.4389584791,-117.485271734
395,323_Therm_Cand,323,Comte,Therm_Cand,26,34.2530033694,-117.113221062
396,105_Li_Ion_Cand,105,Aiken,Li_Ion_Cand,22,33.6595598392,-113.999023095
397,106_Li_Ion_Cand,106,Alber,Li_Ion_Cand,22,33.7380364461,-114.181924176
398,108_Li_Ion_Cand,108,Alger,Li_Ion_Cand,22,34.4592107958,-113.761643582
399,109_Li_Ion_Cand,109,Ali,Li_Ion_Cand,22,33.9204362729,-114.308280962
400,110_Li_Ion_Cand,110,Allen,Li_Ion_Cand,22,33.91279307,-114.292964553
401,111_Li_Ion_Cand,111,Anna,Li_Ion_Cand,22,33.9043860736,-114.301117722
402,112_Li_Ion_Cand,112,Archer,Li_Ion_Cand,22,33.9108660143,-114.313402427
403,114_Li_Ion_Cand,114,Arnold,Li_Ion_Cand,22,33.7770860921,-114.819911267
404,117_Li_Ion_Cand,117,Aston,Li_Ion_Cand,22,33.5752325484,-115.640808726
405,120_Li_Ion_Cand,120,Attila,Li_Ion_Cand,22,34.2445785929,-115.262469926
406,124_Li_Ion_Cand,124,Avery,Li_Ion_Cand,22,33.5429650607,-114.656488278
407,203_Li_Ion_Cand,203,Baffin,Li_Ion_Cand,22,35.3544022625,-113.975933629
408,204_Li_Ion_Cand,204,Bailey,Li_Ion_Cand,22,36.1902923135,-114.221868153
409,205_Li_Ion_Cand,205,Bain,Li_Ion_Cand,22,36.0792295088,-113.983041183
410,206_Li_Ion_Cand,206,Bajer,Li_Ion_Cand,22,35.787397173,-113.890346787
411,208_Li_Ion_Cand,208,Balch,Li_Ion_Cand,22,35.9338142079,-113.317701119
412,209_Li_Ion_Cand,209,Balzac,Li_Ion_Cand,22,35.8051073259,-114.150832502
413,210_Li_Ion_Cand,210,Banks,Li_Ion_Cand,22,35.7878234078,-114.162881451
414,211_Li_Ion_Cand,211,Bardeen,Li_Ion_Cand,22,35.8014848281,-114.167551621
415,214_Li_Ion_Cand,214,Barry,Li_Ion_Cand,22,35.5676111304,-114.492568426
416,217_Li_Ion_Cand,217,Bates,Li_Ion_Cand,22,35.0877489009,-114.921163573
417,219_Li_Ion_Cand,219,Bede,Li_Ion_Cand,22,35.4192172019,-114.979181721
418,220_Li_Ion_Cand,220,Beethoven,Li_Ion_Cand,22,35.6466955481,-115.446586888
419,224_Li_Ion_Cand,224,Bordet,Li_Ion_Cand,22,35.356437515,-113.960252513
420,304_Li_Ion_Cand,304,Caine,Li_Ion_Cand,22,34.6320914545,-118.563585314
421,305_Li_Ion_Cand,305,Calvin,Li_Ion_Cand,22,34.8738848798,-118.510487334
422,306_Li_Ion_Cand,306,Camus,Li_Ion_Cand,22,34.8871676415,-118.276199699
423,311_Li_Ion_Cand,311,Cary,Li_Ion_Cand,22,34.7420938654,-118.111933172
424,325_Li_Ion_Cand,325,Curtiss,Li_Ion_Cand,22,34.2518913135,-117.128977233
425,105_Flow_Cand,105,Aiken,Flow_Cand,23,33.6595598392,-113.999023095
426,106_Flow_Cand,106,Alber,Flow_Cand,23,33.7380364461,-114.181924176
427,108_Flow_Cand,108,Alger,Flow_Cand,23,34.4592107958,-113.761643582
428,109_Flow_Cand,109,Ali,Flow_Cand,23,33.9204362729,-114.308280962
429,110_Flow_Cand,110,Allen,Flow_Cand,23,33.91279307,-114.292964553
430,111_Flow_Cand,111,Anna,Flow_Cand,23,33.9043860736,-114.301117722
431,112_Flow_Cand,112,Archer,Flow_Cand,23,33.9108660143,-114.313402427
432,114_Flow_Cand,114,Arnold,Flow_Cand,23,33.7770860921,-114.819911267
433,117_Flow_Cand,117,Aston,Flow_Cand,23,33.5752325484,-115.640808726
434,120_Flow_Cand,120,Attila,Flow_Cand,23,34.2445785929,-115.262469926
435,124_Flow_Cand,124,Avery,Flow_Cand,23,33.5429650607,-114.656488278
436,203_Flow_Cand,203,Baffin,Flow_Cand,23,35.3544022625,-113.975933629
437,204_Flow_Cand,204,Bailey,Flow_Cand,23,36.1902923135,-114.221868153
438,205_Flow_Cand,205,Bain,Flow_Cand,23,36.0792295088,-113.983041183
439,206_Flow_Cand,206,Bajer,Flow_Cand,23,35.787397173,-113.890346787
440,208_Flow_Cand,208,Balch,Flow_Cand,23,35.9338142079,-113.317701119
441,209_Flow_Cand,209,Balzac,Flow_Cand,23,35.8051073259,-114.150832502
442,210_Flow_Cand,210,Banks,Flow_Cand,23,35.7878234078,-114.162881451
443,211_Flow_Cand,211,Bardeen,Flow_Cand,23,35.8014848281,-114.167551621
444,214_Flow_Cand,214,Barry,Flow_Cand,23,35.5676111304,-114.492568426
445,217_Flow_Cand,217,Bates,Flow_Cand,23,35.0877489009,-114.921163573
446,219_Flow_Cand,219,Bede,Flow_Cand,23,35.4192172019,-114.979181721
447,220_Flow_Cand,220,Beethoven,Flow_Cand,23,35.6466955481,-115.446586888
448,224_Flow_Cand,224,Bordet,Flow_Cand,23,35.356437515,-113.960252513
449,304_Flow_Cand,304,Caine,Flow_Cand,23,34.6320914545,-118.563585314
450,305_Flow_Cand,305,Calvin,Flow_Cand,23,34.8738848798,-118.510487334
451,306_Flow_Cand,306,Camus,Flow_Cand,23,34.8871676415,-118.276199699
452,311_Flow_Cand,311,Cary,Flow_Cand,23,34.7420938654,-118.111933172
453,325_Flow_Cand,325,Curtiss,Flow_Cand,23,34.2518913135,-117.128977233
454,105_Therm_Cand,105,Aiken,Therm_Cand,26,33.6595598392,-113.999023095
455,106_Therm_Cand,106,Alber,Therm_Cand,26,33.7380364461,-114.181924176
456,108_Therm_Cand,108,Alger,Therm_Cand,26,34.4592107958,-113.761643582
457,109_Therm_Cand,109,Ali,Therm_Cand,26,33.9204362729,-114.308280962
458,110_Therm_Cand,110,Allen,Therm_Cand,26,33.91279307,-114.292964553
459,111_Therm_Cand,111,Anna,Therm_Cand,26,33.9043860736,-114.301117722
460,112_Therm_Cand,112,Archer,Therm_Cand,26,33.9108660143,-114.313402427
461,114_Therm_Cand,114,Arnold,Therm_Cand,26,33.7770860921,-114.819911267
462,117_Therm_Cand,117,Aston,Therm_Cand,26,33.5752325484,-115.640808726
463,120_Therm_Cand,120,Attila,Therm_Cand,26,34.2445785929,-115.262469926
464,124_Therm_Cand,124,Avery,Therm_Cand,26,33.5429650607,-114.656488278
465,203_Therm_Cand,203,Baffin,Therm_Cand,26,35.3544022625,-113.975933629
466,204_Therm_Cand,204,Bailey,Therm_Cand,26,36.1902923135,-114.221868153
467,205_Therm_Cand,205,Bain,Therm_Cand,26,36.0792295088,-113.983041183
468,206_Therm_Cand,206,Bajer,Therm_Cand,26,35.787397173,-113.890346787
469,208_Therm_Cand,208,Balch,Therm_Cand,26,35.9338142079,-113.317701119
470,209_Therm_Cand,209,Balzac,Therm_Cand,26,35.8051073259,-114.150832502
471,210_Therm_Cand,210,Banks,Therm_Cand,26,35.7878234078,-114.162881451
472,211_Therm_Cand,211,Bardeen,Therm_Cand,26,35.8014848281,-114.167551621
473,214_Therm_Cand,214,Barry,Therm_Cand,26,35.5676111304,-114.492568426
474,217_Therm_Cand,217,Bates,Therm_Cand,26,35.0877489009,-114.921163573
475,219_Therm_Cand,219,Bede,Therm_Cand,26,35.4192172019,-114.979181721
476,220_Therm_Cand,220,Beethoven,Therm_Cand,26,35.6466955481,-115.446586888
477,224_Therm_Cand,224,Bordet,Therm_Cand,26,35.356437515,-113.960252513
478,304_Therm_Cand,304,Caine,Therm_Cand,26,34.6320914545,-118.563585314
479,305_Therm_Cand,305,Calvin,Therm_Cand,26,34.8738848798,-118.510487334
480,306_Therm_Cand,306,Camus,Therm_Cand,26,34.8871676415,-118.276199699
481,311_Therm_Cand,311,Cary,Therm_Cand,26,34.7420938654,-118.111933172
482,325_Therm_Cand,325,Curtiss,Therm_Cand,26,34.2518913135,-117.128977233
483,107_Gas_CT_Cand,107,Alder,Gas_CT_Cand,13,34.6972619565,-113.701308807
484,113_Gas_CT_Cand,113,Arne,Gas_CT_Cand,13,34.3542803354,-114.274656952
485,118_Gas_CT_Cand,118,Astor,Gas_CT_Cand,13,33.5445308225,-115.799955998
486,123_Gas_CT_Cand,123,Austen,Gas_CT_Cand,13,34.382000271,-115.068788423
487,207_Gas_CT_Cand,207,Baker,Gas_CT_Cand,13,36.0524666349,-113.082849386
488,213_Gas_CT_Cand,213,Barlow,Gas_CT_Cand,13,36.1460954035,-114.622896434
489,215_Gas_CT_Cand,215,Barton,Gas_CT_Cand,13,35.148590889,-114.575774314
490,218_Gas_CT_Cand,218,Bayle,Gas_CT_Cand,13,35.1149069391,-115.077882263
491,221_Gas_CT_Cand,221,Behring,Gas_CT_Cand,13,35.3163216007,-115.197942427
492,223_Gas_CT_Cand,223,Bloch,Gas_CT_Cand,13,35.824349648,-115.536445586
493,301_Gas_CT_Cand,301,Cabell,Gas_CT_Cand,13,35.0475821979,-118.821765372
494,302_Gas_CT_Cand,302,Cabot,Gas_CT_Cand,13,35.0299368836,-118.86485954
495,307_Gas_CT_Cand,307,Carew,Gas_CT_Cand,13,34.1012656245,-118.878177963
496,313_Gas_CT_Cand,313,Cecil,Gas_CT_Cand,13,34.2652681351,-118.018855064
497,315_Gas_CT_Cand,315,Chase,Gas_CT_Cand,13,35.2659701248,-117.386433534
498,318_Gas_CT_Cand,318,Clark,Gas_CT_Cand,13,35.5058132288,-116.976571399
499,321_Gas_CT_Cand,321,Cobb,Gas_CT_Cand,13,35.7453443807,-117.115362793
500,323_Gas_CT_Cand,323,Comte,Gas_CT_Cand,13,34.2530033694,-117.113221062
501,322_Gas_CT_Cand,322,Cole,Gas_CT_Cand,13,36.4389584791,-117.485271734
502,107_Gas_CC_Cand,107,Alder,Gas_CC_Cand,14,34.6972619565,-113.701308807
503,113_Gas_CC_Cand,113,Arne,Gas_CC_Cand,14,34.3542803354,-114.274656952
504,118_Gas_CC_Cand,118,Astor,Gas_CC_Cand,14,33.5445308225,-115.799955998
505,123_Gas_CC_Cand,123,Austen,Gas_CC_Cand,14,34.382000271,-115.068788423
506,207_Gas_CC_Cand,207,Baker,Gas_CC_Cand,14,36.0524666349,-113.082849386
507,213_Gas_CC_Cand,213,Barlow,Gas_CC_Cand,14,36.1460954035,-114.622896434
508,215_Gas_CC_Cand,215,Barton,Gas_CC_Cand,14,35.148590889,-114.575774314
509,218_Gas_CC_Cand,218,Bayle,Gas_CC_Cand,14,35.1149069391,-115.077882263
510,221_Gas_CC_Cand,221,Behring,Gas_CC_Cand,14,35.3163216007,-115.197942427
511,223_Gas_CC_Cand,223,Bloch,Gas_CC_Cand,14,35.824349648,-115.536445586
512,301_Gas_CC_Cand,301,Cabell,Gas_CC_Cand,14,35.0475821979,-118.821765372
513,302_Gas_CC_Cand,302,Cabot,Gas_CC_Cand,14,35.0299368836,-118.86485954
514,307_Gas_CC_Cand,307,Carew,Gas_CC_Cand,14,34.1012656245,-118.878177963
515,313_Gas_CC_Cand,313,Cecil,Gas_CC_Cand,14,34.2652681351,-118.018855064
516,315_Gas_CC_Cand,315,Chase,Gas_CC_Cand,14,35.2659701248,-117.386433534
517,318_Gas_CC_Cand,318,Clark,Gas_CC_Cand,14,35.5058132288,-116.976571399
518,321_Gas_CC_Cand,321,Cobb,Gas_CC_Cand,14,35.7453443807,-117.115362793
519,323_Gas_CC_Cand,323,Comte,Gas_CC_Cand,14,34.2530033694,-117.113221062
520,322_Gas_CC_Cand,322,Cole,Gas_CC_Cand,14,36.4389584791,-117.485271734
521,107_SMR_Cand,107,Alder,SMR_Cand,32,34.6972619565,-113.701308807
522,113_SMR_Cand,113,Arne,SMR_Cand,32,34.3542803354,-114.274656952
523,118_SMR_Cand,118,Astor,SMR_Cand,32,33.5445308225,-115.799955998
524,123_SMR_Cand,123,Austen,SMR_Cand,32,34.382000271,-115.068788423
525,207_SMR_Cand,207,Baker,SMR_Cand,32,36.0524666349,-113.082849386
526,213_SMR_Cand,213,Barlow,SMR_Cand,32,36.1460954035,-114.622896434
527,215_SMR_Cand,215,Barton,SMR_Cand,32,35.148590889,-114.575774314
528,218_SMR_Cand,218,Bayle,SMR_Cand,32,35.1149069391,-115.077882263
529,221_SMR_Cand,221,Behring,SMR_Cand,32,35.3163216007,-115.197942427
530,223_SMR_Cand,223,Bloch,SMR_Cand,32,35.824349648,-115.536445586
531,301_SMR_Cand,301,Cabell,SMR_Cand,32,35.0475821979,-118.821765372
532,302_SMR_Cand,302,Cabot,SMR_Cand,32,35.0299368836,-118.86485954
533,307_SMR_Cand,307,Carew,SMR_Cand,32,34.1012656245,-118.878177963
534,313_SMR_Cand,313,Cecil,SMR_Cand,32,34.2652681351,-118.018855064
535,315_SMR_Cand,315,Chase,SMR_Cand,32,35.2659701248,-117.386433534
536,318_SMR_Cand,318,Clark,SMR_Cand,32,35.5058132288,-116.976571399
537,321_SMR_Cand,321,Cobb,SMR_Cand,32,35.7453443807,-117.115362793
538,323_SMR_Cand,323,Comte,SMR_Cand,32,34.2530033694,-117.113221062
539,322_SMR_Cand,322,Cole,SMR_Cand,32,36.4389584791,-117.485271734
